ID,ID Utilisateur,Nom Utilisateur,Formation,Clarté,Objectifs,Niveau,Formateur,Matériels,Note Globale,Commentaires
6337,6977,Test Apprenant,Formation Test - Développement Web Avancé,4,4,5,5,3,4,Formation très intéressante et bien structurée. Le formateur était très compétent.
6338,6977,Test Apprenant,Formation Test - Développement Web Avancé,3,4,4,5,4,5,Formation très intéressante et bien structurée. Le formateur était très compétent.
6339,6977,Test Apprenant,Formation Test - Développement Web Avancé,5,4,4,3,3,4,Formation très intéressante et bien structurée. Le formateur était très compétent.
6340,6977,Test Apprenant,Formation Test - Cybersécurité Fondamentale,4,3,4,3,4,4,Formation très intéressante et bien structurée. Le formateur était très compétent.
6341,6977,Test Apprenant,Formation Test - Cybersécurité Fondamentale,4,4,5,5,4,4,Formation très intéressante et bien structurée. Le formateur était très compétent.
6342,6977,Test Apprenant,Formation Test - Cybersécurité Fondamentale,3,5,3,3,5,5,Formation très intéressante et bien structurée. Le formateur était très compétent.
6343,6977,Test Apprenant,Formation Test - Développement Web Avancé,4,4,5,4,3,5,Formation très intéressante et bien structurée. Le formateur était très compétent.
6344,6977,Test Apprenant,Formation Test - Développement Web Avancé,4,5,5,4,3,4,Formation très intéressante et bien structurée. Le formateur était très compétent.
6345,6977,Test Apprenant,Formation Test - Développement Web Avancé,3,5,3,3,4,4,Formation très intéressante et bien structurée. Le formateur était très compétent.
6346,6977,Test Apprenant,Formation Test - Cybersécurité Fondamentale,4,4,5,3,5,4,Formation très intéressante et bien structurée. Le formateur était très compétent.
6347,6977,Test Apprenant,Formation Test - Cybersécurité Fondamentale,5,4,4,4,3,4,Formation très intéressante et bien structurée. Le formateur était très compétent.
6348,6977,Test Apprenant,Formation Test - Cybersécurité Fondamentale,5,4,4,4,3,3,Formation très intéressante et bien structurée. Le formateur était très compétent.
6349,7539,Omar Nabli,ITIL 4 Foundation - Gestion des Services IT,5,5,4,4,3,4,Formation très intéressante et enrichissante.
6350,7719,Besma Dhouib,ITIL 4 Foundation - Gestion des Services IT,3,3,5,3,4,3,Formation très intéressante et enrichissante.
6351,8103,Lassad Ben Ahmed,ITIL 4 Foundation - Gestion des Services IT,4,5,4,4,4,5,Formation très intéressante et enrichissante.
6352,7978,Samir Maaloul,ITIL 4 Foundation - Gestion des Services IT,3,4,4,5,4,4,Formation très intéressante et enrichissante.
6353,7932,Ahlem Chebbi,ITIL 4 Foundation - Gestion des Services IT,4,5,3,3,4,5,"Contenu bien structuré, formateur compétent."
6354,7982,Lobna Dali,ITIL 4 Foundation - Gestion des Services IT,4,3,5,5,3,5,"Contenu bien structuré, formateur compétent."
6355,7975,Dalila Marzouki,ITIL 4 Foundation - Gestion des Services IT,4,4,5,3,3,5,"Contenu bien structuré, formateur compétent."
6356,8019,Tarek Benhassan,ITIL 4 Foundation - Gestion des Services IT,3,5,3,3,3,4,Formation très intéressante et enrichissante.
6357,7948,Fadia Khlif,ITIL 4 Foundation - Gestion des Services IT,4,4,4,4,4,3,"Contenu bien structuré, formateur compétent."
6358,7998,Rami Trabelsi,ITIL 4 Foundation - Gestion des Services IT,5,4,4,5,4,5,"Contenu bien structuré, formateur compétent."
6359,8103,Lassad Ben Ahmed,ITIL 4 Foundation - Gestion des Services IT,4,3,5,5,5,4,"Contenu bien structuré, formateur compétent."
6360,7978,Samir Maaloul,ITIL 4 Foundation - Gestion des Services IT,5,5,5,5,5,5,Formation très intéressante et enrichissante.
6361,7932,Ahlem Chebbi,ITIL 4 Foundation - Gestion des Services IT,3,3,3,4,4,3,"Contenu bien structuré, formateur compétent."
6362,7934,Yosra Ghanmi,ITIL 4 Foundation - Gestion des Services IT,3,4,3,4,4,4,"Contenu bien structuré, formateur compétent."
6363,7927,Dorra Hamdi,ITIL 4 Foundation - Gestion des Services IT,5,3,5,3,5,5,"Contenu bien structuré, formateur compétent."
6364,7942,Bochra Fourati,ITIL 4 Foundation - Gestion des Services IT,4,3,5,3,3,5,Formation très intéressante et enrichissante.
6365,7982,Lobna Dali,ITIL 4 Foundation - Gestion des Services IT,4,5,4,5,3,4,Formation très intéressante et enrichissante.
6366,7975,Dalila Marzouki,ITIL 4 Foundation - Gestion des Services IT,3,5,4,3,5,4,"Contenu bien structuré, formateur compétent."
6367,7913,Karima Hajji,ITIL 4 Foundation - Gestion des Services IT,3,3,4,4,4,4,"Contenu bien structuré, formateur compétent."
6368,8019,Tarek Benhassan,ITIL 4 Foundation - Gestion des Services IT,3,5,5,5,5,5,Formation très intéressante et enrichissante.
6369,7948,Fadia Khlif,ITIL 4 Foundation - Gestion des Services IT,5,5,3,3,3,4,Formation très intéressante et enrichissante.
6370,7539,Omar Nabli,ITIL 4 Foundation - Gestion des Services IT,3,4,4,5,3,3,Formation très intéressante et enrichissante.
6371,7719,Besma Dhouib,ITIL 4 Foundation - Gestion des Services IT,4,3,5,3,3,4,"Contenu bien structuré, formateur compétent."
6372,8103,Lassad Ben Ahmed,ITIL 4 Foundation - Gestion des Services IT,4,5,4,3,3,3,"Contenu bien structuré, formateur compétent."
6373,7982,Lobna Dali,ITIL 4 Foundation - Gestion des Services IT,5,4,3,5,4,3,Formation très intéressante et enrichissante.
6374,7973,Hichem Khlif,ITIL 4 Foundation - Gestion des Services IT,4,5,4,4,3,4,"Contenu bien structuré, formateur compétent."
6375,7975,Dalila Marzouki,ITIL 4 Foundation - Gestion des Services IT,4,5,5,5,3,5,"Contenu bien structuré, formateur compétent."
6376,7948,Fadia Khlif,ITIL 4 Foundation - Gestion des Services IT,5,5,5,4,4,3,Formation très intéressante et enrichissante.
6377,7998,Rami Trabelsi,ITIL 4 Foundation - Gestion des Services IT,5,5,5,3,3,5,"Contenu bien structuré, formateur compétent."
6378,7593,Bochra Marzouki,ITIL 4 Foundation - Gestion des Services IT,3,5,5,3,4,4,Formation très intéressante et enrichissante.
6379,7173,Dorsaf Bouaziz,ITIL 4 Foundation - Gestion des Services IT,4,5,5,5,4,3,"Contenu bien structuré, formateur compétent."
6380,7719,Besma Dhouib,ITIL 4 Foundation - Gestion des Services IT,3,4,5,3,5,4,Formation très intéressante et enrichissante.
6381,7978,Samir Maaloul,ITIL 4 Foundation - Gestion des Services IT,3,3,5,4,4,4,Formation très intéressante et enrichissante.
6382,7932,Ahlem Chebbi,ITIL 4 Foundation - Gestion des Services IT,4,3,5,4,4,4,"Contenu bien structuré, formateur compétent."
6383,7934,Yosra Ghanmi,ITIL 4 Foundation - Gestion des Services IT,4,4,3,4,3,5,Formation très intéressante et enrichissante.
6384,7927,Dorra Hamdi,ITIL 4 Foundation - Gestion des Services IT,4,5,5,3,4,4,Formation très intéressante et enrichissante.
6385,7973,Hichem Khlif,ITIL 4 Foundation - Gestion des Services IT,3,5,4,5,4,5,Formation très intéressante et enrichissante.
6386,7173,Dorsaf Bouaziz,ITIL 4 Foundation - Gestion des Services IT,3,5,5,4,4,3,"Contenu bien structuré, formateur compétent."
6387,7539,Omar Nabli,ITIL 4 Foundation - Gestion des Services IT,3,4,3,4,4,5,"Contenu bien structuré, formateur compétent."
6388,7719,Besma Dhouib,ITIL 4 Foundation - Gestion des Services IT,4,5,4,3,3,3,"Contenu bien structuré, formateur compétent."
6389,8103,Lassad Ben Ahmed,ITIL 4 Foundation - Gestion des Services IT,4,4,3,4,5,4,Formation très intéressante et enrichissante.
6390,7934,Yosra Ghanmi,ITIL 4 Foundation - Gestion des Services IT,3,4,3,5,4,5,Formation très intéressante et enrichissante.
6391,7927,Dorra Hamdi,ITIL 4 Foundation - Gestion des Services IT,4,5,5,5,5,5,Formation très intéressante et enrichissante.
6392,7973,Hichem Khlif,ITIL 4 Foundation - Gestion des Services IT,3,5,3,4,3,4,"Contenu bien structuré, formateur compétent."
6393,7948,Fadia Khlif,ITIL 4 Foundation - Gestion des Services IT,3,5,4,5,5,4,"Contenu bien structuré, formateur compétent."
6394,7593,Bochra Marzouki,ITIL 4 Foundation - Gestion des Services IT,5,5,5,4,5,4,Formation très intéressante et enrichissante.
6395,7173,Dorsaf Bouaziz,ITIL 4 Foundation - Gestion des Services IT,5,4,5,5,4,3,Formation très intéressante et enrichissante.
6396,7369,Omar Limam,"ITIL 4 Specialist: Créer, Livrer et Soutenir (CDS)",4,5,4,4,5,4,"Contenu bien structuré, formateur compétent."
6397,7459,Ridha Neffati,"ITIL 4 Specialist: Créer, Livrer et Soutenir (CDS)",3,4,5,4,4,3,Formation très intéressante et enrichissante.
6398,7536,Rania Chihaoui,"ITIL 4 Specialist: Créer, Livrer et Soutenir (CDS)",5,3,4,4,5,4,Formation très intéressante et enrichissante.
6399,7389,Emad Trabelsi,"ITIL 4 Specialist: Créer, Livrer et Soutenir (CDS)",5,4,3,4,4,5,"Contenu bien structuré, formateur compétent."
6400,7520,Thouraya Khlif,"ITIL 4 Specialist: Créer, Livrer et Soutenir (CDS)",3,5,3,3,3,5,"Contenu bien structuré, formateur compétent."
6401,7348,Fadia Khlif,"ITIL 4 Specialist: Créer, Livrer et Soutenir (CDS)",4,3,4,3,5,5,"Contenu bien structuré, formateur compétent."
6402,7554,Salah Miled,"ITIL 4 Specialist: Créer, Livrer et Soutenir (CDS)",5,5,5,4,3,4,"Contenu bien structuré, formateur compétent."
6403,7342,Hiba Jelassi,"ITIL 4 Specialist: Créer, Livrer et Soutenir (CDS)",3,4,3,3,5,5,"Contenu bien structuré, formateur compétent."
6404,7347,Khaled Omrani,"ITIL 4 Specialist: Créer, Livrer et Soutenir (CDS)",3,3,5,5,3,3,Formation très intéressante et enrichissante.
6405,7360,Mehdi Mahjoub,"ITIL 4 Specialist: Créer, Livrer et Soutenir (CDS)",3,5,3,5,3,3,Formation très intéressante et enrichissante.
6406,7458,Dalila Karoui,"ITIL 4 Specialist: Créer, Livrer et Soutenir (CDS)",3,3,4,4,4,5,Formation très intéressante et enrichissante.
6407,7764,Noureddine Labidi,"ITIL 4 Specialist: Créer, Livrer et Soutenir (CDS)",5,4,4,5,3,3,"Contenu bien structuré, formateur compétent."
6408,7369,Omar Limam,"ITIL 4 Specialist: Créer, Livrer et Soutenir (CDS)",5,5,5,4,3,3,Formation très intéressante et enrichissante.
6409,7459,Ridha Neffati,"ITIL 4 Specialist: Créer, Livrer et Soutenir (CDS)",5,4,5,5,5,5,"Contenu bien structuré, formateur compétent."
6410,7495,Hedi Neffati,"ITIL 4 Specialist: Créer, Livrer et Soutenir (CDS)",3,4,4,4,4,5,Formation très intéressante et enrichissante.
6411,7536,Rania Chihaoui,"ITIL 4 Specialist: Créer, Livrer et Soutenir (CDS)",4,3,4,5,3,5,"Contenu bien structuré, formateur compétent."
6412,7339,Chiraz Chaieb,"ITIL 4 Specialist: Créer, Livrer et Soutenir (CDS)",5,5,3,5,4,3,Formation très intéressante et enrichissante.
6413,7389,Emad Trabelsi,"ITIL 4 Specialist: Créer, Livrer et Soutenir (CDS)",3,3,3,4,4,5,"Contenu bien structuré, formateur compétent."
6414,7520,Thouraya Khlif,"ITIL 4 Specialist: Créer, Livrer et Soutenir (CDS)",5,4,5,5,4,4,"Contenu bien structuré, formateur compétent."
6415,7348,Fadia Khlif,"ITIL 4 Specialist: Créer, Livrer et Soutenir (CDS)",3,3,4,5,5,4,"Contenu bien structuré, formateur compétent."
6416,7554,Salah Miled,"ITIL 4 Specialist: Créer, Livrer et Soutenir (CDS)",4,5,4,5,3,5,Formation très intéressante et enrichissante.
6417,7342,Hiba Jelassi,"ITIL 4 Specialist: Créer, Livrer et Soutenir (CDS)",3,4,5,4,4,4,"Contenu bien structuré, formateur compétent."
6418,7347,Khaled Omrani,"ITIL 4 Specialist: Créer, Livrer et Soutenir (CDS)",5,3,5,5,5,4,Formation très intéressante et enrichissante.
6419,7369,Omar Limam,"ITIL 4 Specialist: Créer, Livrer et Soutenir (CDS)",5,3,5,3,4,5,"Contenu bien structuré, formateur compétent."
6420,7459,Ridha Neffati,"ITIL 4 Specialist: Créer, Livrer et Soutenir (CDS)",4,5,4,5,5,5,"Contenu bien structuré, formateur compétent."
6421,7495,Hedi Neffati,"ITIL 4 Specialist: Créer, Livrer et Soutenir (CDS)",3,4,3,4,4,5,Formation très intéressante et enrichissante.
6422,7536,Rania Chihaoui,"ITIL 4 Specialist: Créer, Livrer et Soutenir (CDS)",4,3,4,3,4,5,"Contenu bien structuré, formateur compétent."
6423,7339,Chiraz Chaieb,"ITIL 4 Specialist: Créer, Livrer et Soutenir (CDS)",4,4,5,3,4,4,Formation très intéressante et enrichissante.
6424,7389,Emad Trabelsi,"ITIL 4 Specialist: Créer, Livrer et Soutenir (CDS)",5,3,5,5,5,3,"Contenu bien structuré, formateur compétent."
6425,7520,Thouraya Khlif,"ITIL 4 Specialist: Créer, Livrer et Soutenir (CDS)",3,5,4,3,4,4,Formation très intéressante et enrichissante.
6426,7554,Salah Miled,"ITIL 4 Specialist: Créer, Livrer et Soutenir (CDS)",3,4,4,5,3,5,Formation très intéressante et enrichissante.
6427,7342,Hiba Jelassi,"ITIL 4 Specialist: Créer, Livrer et Soutenir (CDS)",4,4,4,5,5,4,Formation très intéressante et enrichissante.
6428,7347,Khaled Omrani,"ITIL 4 Specialist: Créer, Livrer et Soutenir (CDS)",5,3,4,3,4,5,Formation très intéressante et enrichissante.
6429,7360,Mehdi Mahjoub,"ITIL 4 Specialist: Créer, Livrer et Soutenir (CDS)",5,3,4,5,5,5,Formation très intéressante et enrichissante.
6430,7458,Dalila Karoui,"ITIL 4 Specialist: Créer, Livrer et Soutenir (CDS)",3,5,5,5,4,3,"Contenu bien structuré, formateur compétent."
6431,7764,Noureddine Labidi,"ITIL 4 Specialist: Créer, Livrer et Soutenir (CDS)",5,4,3,4,5,3,"Contenu bien structuré, formateur compétent."
6432,7459,Ridha Neffati,"ITIL 4 Specialist: Créer, Livrer et Soutenir (CDS)",4,4,5,3,3,5,Formation très intéressante et enrichissante.
6433,7495,Hedi Neffati,"ITIL 4 Specialist: Créer, Livrer et Soutenir (CDS)",3,5,4,4,4,5,Formation très intéressante et enrichissante.
6434,7536,Rania Chihaoui,"ITIL 4 Specialist: Créer, Livrer et Soutenir (CDS)",3,5,4,3,4,5,"Contenu bien structuré, formateur compétent."
6435,7339,Chiraz Chaieb,"ITIL 4 Specialist: Créer, Livrer et Soutenir (CDS)",5,5,5,5,5,5,Formation très intéressante et enrichissante.
6436,7389,Emad Trabelsi,"ITIL 4 Specialist: Créer, Livrer et Soutenir (CDS)",4,3,3,4,4,3,Formation très intéressante et enrichissante.
6437,7520,Thouraya Khlif,"ITIL 4 Specialist: Créer, Livrer et Soutenir (CDS)",3,3,3,3,4,3,"Contenu bien structuré, formateur compétent."
6438,7348,Fadia Khlif,"ITIL 4 Specialist: Créer, Livrer et Soutenir (CDS)",4,4,5,4,4,4,Formation très intéressante et enrichissante.
6439,7554,Salah Miled,"ITIL 4 Specialist: Créer, Livrer et Soutenir (CDS)",4,5,4,5,4,5,"Contenu bien structuré, formateur compétent."
6440,7342,Hiba Jelassi,"ITIL 4 Specialist: Créer, Livrer et Soutenir (CDS)",4,4,5,3,5,5,"Contenu bien structuré, formateur compétent."
6441,7364,Dorsaf Fourati,"ITIL 4 Specialist: Créer, Livrer et Soutenir (CDS)",5,5,5,5,3,3,Formation très intéressante et enrichissante.
6442,7507,Fadia Chedly,"ITIL 4 Specialist: Créer, Livrer et Soutenir (CDS)",5,3,5,4,5,5,Formation très intéressante et enrichissante.
6443,7495,Hedi Neffati,"ITIL 4 Specialist: Créer, Livrer et Soutenir (CDS)",4,4,3,3,4,3,"Contenu bien structuré, formateur compétent."
6444,7536,Rania Chihaoui,"ITIL 4 Specialist: Créer, Livrer et Soutenir (CDS)",5,4,5,3,5,5,"Contenu bien structuré, formateur compétent."
6445,7339,Chiraz Chaieb,"ITIL 4 Specialist: Créer, Livrer et Soutenir (CDS)",4,5,4,5,5,4,"Contenu bien structuré, formateur compétent."
6446,7389,Emad Trabelsi,"ITIL 4 Specialist: Créer, Livrer et Soutenir (CDS)",3,3,3,3,3,5,Formation très intéressante et enrichissante.
6447,7520,Thouraya Khlif,"ITIL 4 Specialist: Créer, Livrer et Soutenir (CDS)",3,5,4,3,5,3,Formation très intéressante et enrichissante.
6448,7348,Fadia Khlif,"ITIL 4 Specialist: Créer, Livrer et Soutenir (CDS)",4,3,3,5,4,5,Formation très intéressante et enrichissante.
6449,7554,Salah Miled,"ITIL 4 Specialist: Créer, Livrer et Soutenir (CDS)",3,5,3,5,5,5,Formation très intéressante et enrichissante.
6450,7360,Mehdi Mahjoub,"ITIL 4 Specialist: Créer, Livrer et Soutenir (CDS)",3,4,3,5,3,4,"Contenu bien structuré, formateur compétent."
6451,7364,Dorsaf Fourati,"ITIL 4 Specialist: Créer, Livrer et Soutenir (CDS)",3,5,5,5,4,5,"Contenu bien structuré, formateur compétent."
6452,7458,Dalila Karoui,"ITIL 4 Specialist: Créer, Livrer et Soutenir (CDS)",5,3,5,3,4,4,Formation très intéressante et enrichissante.
6453,7349,Cyrine Jouini,"ITIL 4 Specialist: Diriger, Planifier et Améliorer (DPI)",3,3,4,4,5,4,Formation très intéressante et enrichissante.
6454,7264,Ghada Ghorbel,"ITIL 4 Specialist: Diriger, Planifier et Améliorer (DPI)",5,3,5,3,5,3,Formation très intéressante et enrichissante.
6455,7739,Latifa Mejri,"ITIL 4 Specialist: Diriger, Planifier et Améliorer (DPI)",5,4,3,3,4,5,Formation très intéressante et enrichissante.
6456,7897,Cyrine Mejri,"ITIL 4 Specialist: Diriger, Planifier et Améliorer (DPI)",4,4,5,4,5,5,Formation très intéressante et enrichissante.
6457,7968,Farah Chaieb,"ITIL 4 Specialist: Diriger, Planifier et Améliorer (DPI)",3,5,4,4,3,5,"Contenu bien structuré, formateur compétent."
6458,7993,Emad Chaabane,"ITIL 4 Specialist: Diriger, Planifier et Améliorer (DPI)",3,3,4,4,4,5,"Contenu bien structuré, formateur compétent."
6459,8011,Rania Karray,"ITIL 4 Specialist: Diriger, Planifier et Améliorer (DPI)",4,5,3,4,5,5,"Contenu bien structuré, formateur compétent."
6460,7979,Moez Jebali,"ITIL 4 Specialist: Diriger, Planifier et Améliorer (DPI)",3,4,4,5,5,5,Formation très intéressante et enrichissante.
6461,7959,Emna Hadj,"ITIL 4 Specialist: Diriger, Planifier et Améliorer (DPI)",3,3,5,5,4,5,Formation très intéressante et enrichissante.
6462,7995,Wided Hachicha,"ITIL 4 Specialist: Diriger, Planifier et Améliorer (DPI)",5,5,3,3,4,4,Formation très intéressante et enrichissante.
6463,8010,Dali Sellami,"ITIL 4 Specialist: Diriger, Planifier et Améliorer (DPI)",4,3,4,4,4,4,Formation très intéressante et enrichissante.
6464,7264,Ghada Ghorbel,"ITIL 4 Specialist: Diriger, Planifier et Améliorer (DPI)",5,3,4,5,4,5,"Contenu bien structuré, formateur compétent."
6465,7983,Nesrine Mabrouk,"ITIL 4 Specialist: Diriger, Planifier et Améliorer (DPI)",5,5,4,5,5,3,"Contenu bien structuré, formateur compétent."
6466,7897,Cyrine Mejri,"ITIL 4 Specialist: Diriger, Planifier et Améliorer (DPI)",5,4,3,5,3,3,Formation très intéressante et enrichissante.
6467,7918,Rami Guizani,"ITIL 4 Specialist: Diriger, Planifier et Améliorer (DPI)",3,4,5,3,5,5,Formation très intéressante et enrichissante.
6468,7968,Farah Chaieb,"ITIL 4 Specialist: Diriger, Planifier et Améliorer (DPI)",5,3,3,4,3,3,"Contenu bien structuré, formateur compétent."
6469,7928,Hana Labidi,"ITIL 4 Specialist: Diriger, Planifier et Améliorer (DPI)",4,3,4,5,5,3,Formation très intéressante et enrichissante.
6470,8011,Rania Karray,"ITIL 4 Specialist: Diriger, Planifier et Améliorer (DPI)",4,3,5,3,3,4,"Contenu bien structuré, formateur compétent."
6471,7979,Moez Jebali,"ITIL 4 Specialist: Diriger, Planifier et Améliorer (DPI)",4,4,3,5,4,5,Formation très intéressante et enrichissante.
6472,7956,Farouk Rekik,"ITIL 4 Specialist: Diriger, Planifier et Améliorer (DPI)",3,5,5,4,5,4,"Contenu bien structuré, formateur compétent."
6473,8010,Dali Sellami,"ITIL 4 Specialist: Diriger, Planifier et Améliorer (DPI)",4,4,3,3,3,4,Formation très intéressante et enrichissante.
6474,7983,Nesrine Mabrouk,"ITIL 4 Specialist: Diriger, Planifier et Améliorer (DPI)",5,5,4,4,5,3,"Contenu bien structuré, formateur compétent."
6475,7897,Cyrine Mejri,"ITIL 4 Specialist: Diriger, Planifier et Améliorer (DPI)",4,5,5,4,4,5,Formation très intéressante et enrichissante.
6476,7918,Rami Guizani,"ITIL 4 Specialist: Diriger, Planifier et Améliorer (DPI)",4,3,5,3,4,4,"Contenu bien structuré, formateur compétent."
6477,7968,Farah Chaieb,"ITIL 4 Specialist: Diriger, Planifier et Améliorer (DPI)",4,3,5,3,4,5,"Contenu bien structuré, formateur compétent."
6478,7928,Hana Labidi,"ITIL 4 Specialist: Diriger, Planifier et Améliorer (DPI)",3,5,3,4,3,5,Formation très intéressante et enrichissante.
6479,7938,Hichem Jemli,"ITIL 4 Specialist: Diriger, Planifier et Améliorer (DPI)",3,3,5,4,5,3,Formation très intéressante et enrichissante.
6480,7993,Emad Chaabane,"ITIL 4 Specialist: Diriger, Planifier et Améliorer (DPI)",3,3,5,4,3,3,Formation très intéressante et enrichissante.
6481,7959,Emna Hadj,"ITIL 4 Specialist: Diriger, Planifier et Améliorer (DPI)",4,3,5,5,4,3,"Contenu bien structuré, formateur compétent."
6482,7956,Farouk Rekik,"ITIL 4 Specialist: Diriger, Planifier et Améliorer (DPI)",4,4,5,5,5,5,"Contenu bien structuré, formateur compétent."
6483,8010,Dali Sellami,"ITIL 4 Specialist: Diriger, Planifier et Améliorer (DPI)",4,3,3,3,4,5,"Contenu bien structuré, formateur compétent."
6484,7460,Najoua Laabidi,"ITIL 4 Strategist: Direct, Plan and Improve",4,3,5,5,4,5,Formation très intéressante et enrichissante.
6485,7849,Yassine Ghanmi,"ITIL 4 Strategist: Direct, Plan and Improve",5,3,3,4,4,4,"Contenu bien structuré, formateur compétent."
6486,7783,Rania Kchir,"ITIL 4 Strategist: Direct, Plan and Improve",3,4,3,5,4,5,Formation très intéressante et enrichissante.
6487,7822,Hana Trabelsi,"ITIL 4 Strategist: Direct, Plan and Improve",5,5,5,5,5,3,Formation très intéressante et enrichissante.
6488,7741,Amel Ghorbel,"ITIL 4 Strategist: Direct, Plan and Improve",3,5,4,5,5,5,Formation très intéressante et enrichissante.
6489,7859,Nour Chebbi,"ITIL 4 Strategist: Direct, Plan and Improve",3,3,3,3,3,5,Formation très intéressante et enrichissante.
6490,7658,Sami Labidi,"ITIL 4 Strategist: Direct, Plan and Improve",3,5,4,3,4,3,"Contenu bien structuré, formateur compétent."
6491,7668,Karima Ghorbel,"ITIL 4 Strategist: Direct, Plan and Improve",3,5,5,5,5,5,"Contenu bien structuré, formateur compétent."
6492,7804,Khaled Ghanmi,"ITIL 4 Strategist: Direct, Plan and Improve",5,4,5,5,4,3,"Contenu bien structuré, formateur compétent."
6493,7691,Karim Gasmi,"ITIL 4 Strategist: Direct, Plan and Improve",4,4,3,3,3,4,"Contenu bien structuré, formateur compétent."
6494,7702,Ghada Miled,"ITIL 4 Strategist: Direct, Plan and Improve",5,5,4,4,4,3,Formation très intéressante et enrichissante.
6495,7727,Cyrine Jazi,"ITIL 4 Strategist: Direct, Plan and Improve",3,5,5,4,5,5,Formation très intéressante et enrichissante.
6496,7874,Besma Bouhamed,"ITIL 4 Strategist: Direct, Plan and Improve",3,3,5,3,4,4,Formation très intéressante et enrichissante.
6497,7823,Zouheir Landolsi,"ITIL 4 Strategist: Direct, Plan and Improve",5,3,5,3,3,5,"Contenu bien structuré, formateur compétent."
6498,7298,Mehdi Horchani,"ITIL 4 Strategist: Direct, Plan and Improve",5,4,3,4,5,4,Formation très intéressante et enrichissante.
6499,7730,Mariam Hleli,"ITIL 4 Strategist: Direct, Plan and Improve",4,5,4,4,3,3,"Contenu bien structuré, formateur compétent."
6500,7397,Kais Miled,"ITIL 4 Strategist: Direct, Plan and Improve",3,4,5,3,5,4,"Contenu bien structuré, formateur compétent."
6501,7849,Yassine Ghanmi,"ITIL 4 Strategist: Direct, Plan and Improve",4,4,3,3,4,4,Formation très intéressante et enrichissante.
6502,7783,Rania Kchir,"ITIL 4 Strategist: Direct, Plan and Improve",3,4,3,3,5,4,Formation très intéressante et enrichissante.
6503,7859,Nour Chebbi,"ITIL 4 Strategist: Direct, Plan and Improve",4,3,4,4,3,3,"Contenu bien structuré, formateur compétent."
6504,7658,Sami Labidi,"ITIL 4 Strategist: Direct, Plan and Improve",5,5,4,3,3,3,"Contenu bien structuré, formateur compétent."
6505,7668,Karima Ghorbel,"ITIL 4 Strategist: Direct, Plan and Improve",4,3,5,5,3,5,Formation très intéressante et enrichissante.
6506,7739,Latifa Mejri,"ITIL 4 Strategist: Direct, Plan and Improve",3,3,5,5,4,3,Formation très intéressante et enrichissante.
6507,7691,Karim Gasmi,"ITIL 4 Strategist: Direct, Plan and Improve",5,3,4,3,3,4,Formation très intéressante et enrichissante.
6508,7702,Ghada Miled,"ITIL 4 Strategist: Direct, Plan and Improve",5,5,4,3,3,3,Formation très intéressante et enrichissante.
6509,7632,Ali Hmida,"ITIL 4 Strategist: Direct, Plan and Improve",4,4,5,3,3,5,"Contenu bien structuré, formateur compétent."
6510,7874,Besma Bouhamed,"ITIL 4 Strategist: Direct, Plan and Improve",3,5,4,4,3,3,"Contenu bien structuré, formateur compétent."
6511,7882,Mehdi Hamza,"ITIL 4 Strategist: Direct, Plan and Improve",3,3,4,4,3,5,Formation très intéressante et enrichissante.
6512,7823,Zouheir Landolsi,"ITIL 4 Strategist: Direct, Plan and Improve",5,3,4,5,4,5,"Contenu bien structuré, formateur compétent."
6513,7298,Mehdi Horchani,"ITIL 4 Strategist: Direct, Plan and Improve",3,3,5,4,5,4,Formation très intéressante et enrichissante.
6514,7397,Kais Miled,"ITIL 4 Strategist: Direct, Plan and Improve",5,3,3,3,4,5,"Contenu bien structuré, formateur compétent."
6515,7460,Najoua Laabidi,"ITIL 4 Strategist: Direct, Plan and Improve",4,4,5,5,4,4,"Contenu bien structuré, formateur compétent."
6516,7783,Rania Kchir,"ITIL 4 Strategist: Direct, Plan and Improve",5,4,4,4,5,4,Formation très intéressante et enrichissante.
6517,7822,Hana Trabelsi,"ITIL 4 Strategist: Direct, Plan and Improve",4,5,3,3,4,3,Formation très intéressante et enrichissante.
6518,7859,Nour Chebbi,"ITIL 4 Strategist: Direct, Plan and Improve",4,3,4,5,5,5,Formation très intéressante et enrichissante.
6519,7804,Khaled Ghanmi,"ITIL 4 Strategist: Direct, Plan and Improve",5,4,4,4,3,5,"Contenu bien structuré, formateur compétent."
6520,7702,Ghada Miled,"ITIL 4 Strategist: Direct, Plan and Improve",4,3,4,5,5,3,"Contenu bien structuré, formateur compétent."
6521,7632,Ali Hmida,"ITIL 4 Strategist: Direct, Plan and Improve",5,4,5,4,3,4,"Contenu bien structuré, formateur compétent."
6522,7874,Besma Bouhamed,"ITIL 4 Strategist: Direct, Plan and Improve",3,5,4,4,5,5,Formation très intéressante et enrichissante.
6523,7823,Zouheir Landolsi,"ITIL 4 Strategist: Direct, Plan and Improve",5,3,5,3,5,3,Formation très intéressante et enrichissante.
6524,7298,Mehdi Horchani,"ITIL 4 Strategist: Direct, Plan and Improve",3,3,5,5,3,4,"Contenu bien structuré, formateur compétent."
6525,7730,Mariam Hleli,"ITIL 4 Strategist: Direct, Plan and Improve",3,4,3,5,4,3,Formation très intéressante et enrichissante.
6526,7460,Najoua Laabidi,DevOps Foundation,3,5,3,5,5,3,"Contenu bien structuré, formateur compétent."
6527,7371,Hana Bouaziz,DevOps Foundation,3,3,5,5,3,3,"Contenu bien structuré, formateur compétent."
6528,7195,Kais Chebbi,DevOps Foundation,3,3,3,3,4,4,Formation très intéressante et enrichissante.
6529,7326,Kenza Marzouki,DevOps Foundation,3,5,4,3,4,5,"Contenu bien structuré, formateur compétent."
6530,7226,Noureddine Khlif,DevOps Foundation,5,4,3,3,5,5,"Contenu bien structuré, formateur compétent."
6531,7625,Farah Essid,DevOps Foundation,3,4,4,4,5,5,Formation très intéressante et enrichissante.
6532,7516,Zohra Nasri,DevOps Foundation,4,4,3,3,3,5,Formation très intéressante et enrichissante.
6533,7343,Ikram Benhassan,DevOps Foundation,5,3,5,4,5,3,Formation très intéressante et enrichissante.
6534,7161,Salma Gabsi,DevOps Foundation,4,4,3,5,5,5,Formation très intéressante et enrichissante.
6535,7460,Najoua Laabidi,DevOps Foundation,3,3,5,4,5,4,Formation très intéressante et enrichissante.
6536,7459,Ridha Neffati,DevOps Foundation,4,5,3,3,3,5,"Contenu bien structuré, formateur compétent."
6537,7371,Hana Bouaziz,DevOps Foundation,4,5,5,5,5,4,Formation très intéressante et enrichissante.
6538,7275,Nour Gharbi,DevOps Foundation,3,4,4,4,4,3,Formation très intéressante et enrichissante.
6539,7195,Kais Chebbi,DevOps Foundation,4,3,3,4,3,5,Formation très intéressante et enrichissante.
6540,7326,Kenza Marzouki,DevOps Foundation,5,4,3,5,4,3,"Contenu bien structuré, formateur compétent."
6541,7226,Noureddine Khlif,DevOps Foundation,3,3,3,4,5,5,"Contenu bien structuré, formateur compétent."
6542,7625,Farah Essid,DevOps Foundation,3,5,3,4,3,5,"Contenu bien structuré, formateur compétent."
6543,7516,Zohra Nasri,DevOps Foundation,5,4,4,5,5,3,"Contenu bien structuré, formateur compétent."
6544,7272,Lassad Sellami,DevOps Foundation,3,5,3,4,4,4,Formation très intéressante et enrichissante.
6545,7307,Sabrine Meddeb,DevOps Foundation,3,4,5,3,4,5,Formation très intéressante et enrichissante.
6546,7343,Ikram Benhassan,DevOps Foundation,3,5,5,5,4,4,Formation très intéressante et enrichissante.
6547,7224,Rania Mrad,DevOps Foundation,3,4,3,3,5,4,"Contenu bien structuré, formateur compétent."
6548,7329,Najoua Dali,DevOps Foundation,5,5,5,4,3,4,"Contenu bien structuré, formateur compétent."
6549,7876,Amine Dridi,DevOps Foundation,4,4,5,5,4,4,"Contenu bien structuré, formateur compétent."
6550,7460,Najoua Laabidi,DevOps Foundation,4,3,3,3,3,5,Formation très intéressante et enrichissante.
6551,7195,Kais Chebbi,DevOps Foundation,4,4,5,4,4,3,Formation très intéressante et enrichissante.
6552,7326,Kenza Marzouki,DevOps Foundation,4,5,4,5,5,5,"Contenu bien structuré, formateur compétent."
6553,7627,Chiraz Hamdi,DevOps Foundation,4,4,3,5,3,3,"Contenu bien structuré, formateur compétent."
6554,7272,Lassad Sellami,DevOps Foundation,5,3,5,5,3,3,"Contenu bien structuré, formateur compétent."
6555,7343,Ikram Benhassan,DevOps Foundation,3,4,4,3,3,4,"Contenu bien structuré, formateur compétent."
6556,7323,Latifa Hassen,DevOps Foundation,3,5,5,5,4,4,Formation très intéressante et enrichissante.
6557,7146,Takwa Chaieb,DevOps Foundation,5,4,4,4,5,5,"Contenu bien structuré, formateur compétent."
6558,7224,Rania Mrad,DevOps Foundation,3,5,4,3,4,5,"Contenu bien structuré, formateur compétent."
6559,7329,Najoua Dali,DevOps Foundation,4,5,4,5,4,4,"Contenu bien structuré, formateur compétent."
6560,7161,Salma Gabsi,DevOps Foundation,4,3,3,5,3,5,"Contenu bien structuré, formateur compétent."
6561,7876,Amine Dridi,DevOps Foundation,4,3,4,4,4,4,Formation très intéressante et enrichissante.
6562,7460,Najoua Laabidi,DevOps Foundation,4,5,5,5,3,5,Formation très intéressante et enrichissante.
6563,7459,Ridha Neffati,DevOps Foundation,4,3,4,5,4,3,Formation très intéressante et enrichissante.
6564,7371,Hana Bouaziz,DevOps Foundation,3,5,5,5,3,4,Formation très intéressante et enrichissante.
6565,7195,Kais Chebbi,DevOps Foundation,5,5,4,5,3,3,Formation très intéressante et enrichissante.
6566,7625,Farah Essid,DevOps Foundation,5,4,3,5,5,5,Formation très intéressante et enrichissante.
6567,7627,Chiraz Hamdi,DevOps Foundation,5,4,3,4,5,5,Formation très intéressante et enrichissante.
6568,7516,Zohra Nasri,DevOps Foundation,3,4,4,5,5,5,Formation très intéressante et enrichissante.
6569,7343,Ikram Benhassan,DevOps Foundation,5,3,4,3,4,5,Formation très intéressante et enrichissante.
6570,7323,Latifa Hassen,DevOps Foundation,3,3,4,5,4,5,Formation très intéressante et enrichissante.
6571,7146,Takwa Chaieb,DevOps Foundation,3,4,3,3,3,4,Formation très intéressante et enrichissante.
6572,7224,Rania Mrad,DevOps Foundation,5,4,5,3,3,4,Formation très intéressante et enrichissante.
6573,7329,Najoua Dali,DevOps Foundation,5,4,3,4,5,5,Formation très intéressante et enrichissante.
6574,7161,Salma Gabsi,DevOps Foundation,4,3,4,3,4,5,"Contenu bien structuré, formateur compétent."
6575,7138,Nabil Ben Ali,AWS Certified Solutions Architect - Associate,4,5,5,4,3,5,Formation très intéressante et enrichissante.
6576,7273,Omar Chaieb,AWS Certified Solutions Architect - Associate,4,3,4,4,4,3,Formation très intéressante et enrichissante.
6577,7546,Slim Fatnassi,AWS Certified Solutions Architect - Associate,3,4,5,4,5,4,Formation très intéressante et enrichissante.
6578,7326,Kenza Marzouki,AWS Certified Solutions Architect - Associate,5,3,4,5,3,4,"Contenu bien structuré, formateur compétent."
6579,7227,Sonia Marzouki,AWS Certified Solutions Architect - Associate,3,3,3,5,4,5,"Contenu bien structuré, formateur compétent."
6580,7616,Fethi Hamdi,AWS Certified Solutions Architect - Associate,4,4,4,5,4,5,"Contenu bien structuré, formateur compétent."
6581,7531,Sabrine Gharbi,AWS Certified Solutions Architect - Associate,5,4,3,4,3,4,Formation très intéressante et enrichissante.
6582,7255,Emad Ktari,AWS Certified Solutions Architect - Associate,5,3,4,5,3,3,"Contenu bien structuré, formateur compétent."
6583,7175,Rania Jebali,AWS Certified Solutions Architect - Associate,5,4,3,3,3,4,"Contenu bien structuré, formateur compétent."
6584,7174,Ikram Hmida,AWS Certified Solutions Architect - Associate,4,4,4,5,5,4,"Contenu bien structuré, formateur compétent."
6585,7393,Cyrine Marzouki,AWS Certified Solutions Architect - Associate,3,3,5,3,5,4,"Contenu bien structuré, formateur compétent."
6586,7229,Nesrine Ben Youssef,AWS Certified Solutions Architect - Associate,3,3,5,3,3,5,Formation très intéressante et enrichissante.
6587,7479,Dorsaf Karray,AWS Certified Solutions Architect - Associate,4,4,3,4,3,3,Formation très intéressante et enrichissante.
6588,7187,Zohra Nabli,AWS Certified Solutions Architect - Associate,4,5,5,5,3,5,Formation très intéressante et enrichissante.
6589,7138,Nabil Ben Ali,AWS Certified Solutions Architect - Associate,5,4,3,4,5,3,"Contenu bien structuré, formateur compétent."
6590,7273,Omar Chaieb,AWS Certified Solutions Architect - Associate,4,5,3,3,4,5,Formation très intéressante et enrichissante.
6591,7404,Kais Hamdi,AWS Certified Solutions Architect - Associate,5,5,4,5,5,5,"Contenu bien structuré, formateur compétent."
6592,7228,Rami Dhouib,AWS Certified Solutions Architect - Associate,3,3,3,4,3,4,"Contenu bien structuré, formateur compétent."
6593,7354,Lamia Ferchichi,AWS Certified Solutions Architect - Associate,4,5,3,5,4,4,Formation très intéressante et enrichissante.
6594,7546,Slim Fatnassi,AWS Certified Solutions Architect - Associate,3,5,5,5,4,4,Formation très intéressante et enrichissante.
6595,7326,Kenza Marzouki,AWS Certified Solutions Architect - Associate,5,4,3,3,5,3,"Contenu bien structuré, formateur compétent."
6596,7227,Sonia Marzouki,AWS Certified Solutions Architect - Associate,4,5,3,5,5,3,Formation très intéressante et enrichissante.
6597,7255,Emad Ktari,AWS Certified Solutions Architect - Associate,4,3,5,3,3,3,Formation très intéressante et enrichissante.
6598,7175,Rania Jebali,AWS Certified Solutions Architect - Associate,5,5,4,4,4,3,Formation très intéressante et enrichissante.
6599,7137,Dorra Horchani,AWS Certified Solutions Architect - Associate,3,5,3,5,3,4,Formation très intéressante et enrichissante.
6600,7304,Dorsaf Mejri,AWS Certified Solutions Architect - Associate,5,3,3,3,3,4,Formation très intéressante et enrichissante.
6601,7174,Ikram Hmida,AWS Certified Solutions Architect - Associate,3,4,3,3,3,4,Formation très intéressante et enrichissante.
6602,7609,Hana Jouini,AWS Certified Solutions Architect - Associate,4,3,4,5,3,3,Formation très intéressante et enrichissante.
6603,7564,Sabrine Jazi,AWS Certified Solutions Architect - Associate,3,5,3,3,5,3,Formation très intéressante et enrichissante.
6604,7393,Cyrine Marzouki,AWS Certified Solutions Architect - Associate,5,3,4,4,4,4,"Contenu bien structuré, formateur compétent."
6605,7427,Adel Ktari,AWS Certified Solutions Architect - Associate,3,5,4,5,3,4,Formation très intéressante et enrichissante.
6606,7187,Zohra Nabli,AWS Certified Solutions Architect - Associate,4,3,3,3,5,3,"Contenu bien structuré, formateur compétent."
6607,7138,Nabil Ben Ali,AWS Certified Solutions Architect - Associate,5,5,3,5,3,3,"Contenu bien structuré, formateur compétent."
6608,7273,Omar Chaieb,AWS Certified Solutions Architect - Associate,3,3,3,5,5,3,Formation très intéressante et enrichissante.
6609,7220,Nour Layouni,AWS Certified Solutions Architect - Associate,5,4,3,5,5,5,Formation très intéressante et enrichissante.
6610,7404,Kais Hamdi,AWS Certified Solutions Architect - Associate,5,4,4,3,3,5,"Contenu bien structuré, formateur compétent."
6611,7228,Rami Dhouib,AWS Certified Solutions Architect - Associate,4,3,4,5,4,5,Formation très intéressante et enrichissante.
6612,7354,Lamia Ferchichi,AWS Certified Solutions Architect - Associate,3,5,4,3,3,3,"Contenu bien structuré, formateur compétent."
6613,7546,Slim Fatnassi,AWS Certified Solutions Architect - Associate,3,5,4,4,5,3,Formation très intéressante et enrichissante.
6614,7544,Ahlem Chebbi,AWS Certified Solutions Architect - Associate,5,4,5,4,5,3,"Contenu bien structuré, formateur compétent."
6615,7616,Fethi Hamdi,AWS Certified Solutions Architect - Associate,3,5,4,4,3,3,Formation très intéressante et enrichissante.
6616,7531,Sabrine Gharbi,AWS Certified Solutions Architect - Associate,3,3,3,4,5,5,"Contenu bien structuré, formateur compétent."
6617,7255,Emad Ktari,AWS Certified Solutions Architect - Associate,5,3,4,4,5,4,Formation très intéressante et enrichissante.
6618,7131,Latifa Jouini,AWS Certified Solutions Architect - Associate,5,3,4,4,5,5,Formation très intéressante et enrichissante.
6619,7609,Hana Jouini,AWS Certified Solutions Architect - Associate,5,5,4,4,3,4,"Contenu bien structuré, formateur compétent."
6620,7564,Sabrine Jazi,AWS Certified Solutions Architect - Associate,4,3,5,5,3,3,"Contenu bien structuré, formateur compétent."
6621,7427,Adel Ktari,AWS Certified Solutions Architect - Associate,5,5,3,4,4,3,"Contenu bien structuré, formateur compétent."
6622,7187,Zohra Nabli,AWS Certified Solutions Architect - Associate,5,3,5,3,5,3,Formation très intéressante et enrichissante.
6623,7138,Nabil Ben Ali,AWS Certified Solutions Architect - Associate,3,3,3,4,5,3,"Contenu bien structuré, formateur compétent."
6624,7273,Omar Chaieb,AWS Certified Solutions Architect - Associate,4,4,5,5,3,3,Formation très intéressante et enrichissante.
6625,7404,Kais Hamdi,AWS Certified Solutions Architect - Associate,5,3,4,4,5,3,Formation très intéressante et enrichissante.
6626,7354,Lamia Ferchichi,AWS Certified Solutions Architect - Associate,3,4,4,5,3,5,"Contenu bien structuré, formateur compétent."
6627,7616,Fethi Hamdi,AWS Certified Solutions Architect - Associate,3,5,4,3,5,5,"Contenu bien structuré, formateur compétent."
6628,7531,Sabrine Gharbi,AWS Certified Solutions Architect - Associate,3,5,4,3,5,5,Formation très intéressante et enrichissante.
6629,7131,Latifa Jouini,AWS Certified Solutions Architect - Associate,3,3,3,4,5,4,"Contenu bien structuré, formateur compétent."
6630,7174,Ikram Hmida,AWS Certified Solutions Architect - Associate,4,4,5,5,4,4,Formation très intéressante et enrichissante.
6631,7393,Cyrine Marzouki,AWS Certified Solutions Architect - Associate,4,5,3,3,5,3,Formation très intéressante et enrichissante.
6632,7427,Adel Ktari,AWS Certified Solutions Architect - Associate,3,3,5,5,5,3,"Contenu bien structuré, formateur compétent."
6633,7536,Rania Chihaoui,Microsoft Azure Administrator,4,3,5,3,3,3,Formation très intéressante et enrichissante.
6634,7516,Zohra Nasri,Microsoft Azure Administrator,3,5,5,5,3,3,Formation très intéressante et enrichissante.
6635,7221,Latifa Bouslama,Microsoft Azure Administrator,3,5,5,4,5,5,"Contenu bien structuré, formateur compétent."
6636,7334,Zeineb Bouhamed,Microsoft Azure Administrator,5,5,5,5,3,4,"Contenu bien structuré, formateur compétent."
6637,7430,Salma Ben Ahmed,Microsoft Azure Administrator,3,5,5,5,5,3,"Contenu bien structuré, formateur compétent."
6638,7352,Latifa Kchir,Microsoft Azure Administrator,5,4,5,5,4,4,Formation très intéressante et enrichissante.
6639,7730,Mariam Hleli,Microsoft Azure Administrator,4,3,4,4,3,5,Formation très intéressante et enrichissante.
6640,7177,Emna Chaieb,Microsoft Azure Administrator,3,5,3,3,3,3,Formation très intéressante et enrichissante.
6641,7804,Khaled Ghanmi,Microsoft Azure Administrator,5,5,3,4,4,3,Formation très intéressante et enrichissante.
6642,7536,Rania Chihaoui,Microsoft Azure Administrator,4,5,5,4,5,3,"Contenu bien structuré, formateur compétent."
6643,7516,Zohra Nasri,Microsoft Azure Administrator,5,4,4,5,3,5,"Contenu bien structuré, formateur compétent."
6644,7221,Latifa Bouslama,Microsoft Azure Administrator,5,5,5,5,3,3,"Contenu bien structuré, formateur compétent."
6645,7584,Ines Daoud,Microsoft Azure Administrator,5,5,5,5,4,4,"Contenu bien structuré, formateur compétent."
6646,7605,Walid Chihaoui,Microsoft Azure Administrator,5,3,3,4,3,4,Formation très intéressante et enrichissante.
6647,7540,Maher Limam,Microsoft Azure Administrator,3,3,4,4,3,5,Formation très intéressante et enrichissante.
6648,7730,Mariam Hleli,Microsoft Azure Administrator,4,4,3,4,5,5,Formation très intéressante et enrichissante.
6649,7177,Emna Chaieb,Microsoft Azure Administrator,5,4,4,3,4,3,"Contenu bien structuré, formateur compétent."
6650,7305,Lassad Derbali,Microsoft Azure Administrator,5,4,5,5,4,4,"Contenu bien structuré, formateur compétent."
6651,7804,Khaled Ghanmi,Microsoft Azure Administrator,3,3,4,5,3,5,"Contenu bien structuré, formateur compétent."
6652,7516,Zohra Nasri,Microsoft Azure Administrator,3,5,3,4,5,5,"Contenu bien structuré, formateur compétent."
6653,7172,Emad Omrani,Microsoft Azure Administrator,4,5,4,4,4,4,"Contenu bien structuré, formateur compétent."
6654,7584,Ines Daoud,Microsoft Azure Administrator,3,3,3,5,4,4,"Contenu bien structuré, formateur compétent."
6655,7795,Thouraya Landolsi,Microsoft Azure Administrator,3,3,5,5,3,3,"Contenu bien structuré, formateur compétent."
6656,7352,Latifa Kchir,Microsoft Azure Administrator,4,3,5,3,4,3,"Contenu bien structuré, formateur compétent."
6657,7540,Maher Limam,Microsoft Azure Administrator,3,5,4,4,4,5,Formation très intéressante et enrichissante.
6658,7730,Mariam Hleli,Microsoft Azure Administrator,5,5,3,3,3,4,Formation très intéressante et enrichissante.
6659,7177,Emna Chaieb,Microsoft Azure Administrator,5,3,4,3,4,3,"Contenu bien structuré, formateur compétent."
6660,7305,Lassad Derbali,Microsoft Azure Administrator,3,4,3,4,5,5,"Contenu bien structuré, formateur compétent."
6661,7221,Latifa Bouslama,Microsoft Azure Administrator,3,4,4,4,5,3,"Contenu bien structuré, formateur compétent."
6662,7584,Ines Daoud,Microsoft Azure Administrator,3,4,4,5,3,5,"Contenu bien structuré, formateur compétent."
6663,7334,Zeineb Bouhamed,Microsoft Azure Administrator,4,5,5,3,5,4,Formation très intéressante et enrichissante.
6664,7430,Salma Ben Ahmed,Microsoft Azure Administrator,5,4,5,4,3,3,Formation très intéressante et enrichissante.
6665,7795,Thouraya Landolsi,Microsoft Azure Administrator,3,3,3,3,5,4,Formation très intéressante et enrichissante.
6666,7352,Latifa Kchir,Microsoft Azure Administrator,5,3,3,4,3,3,Formation très intéressante et enrichissante.
6667,7540,Maher Limam,Microsoft Azure Administrator,4,4,5,4,5,3,Formation très intéressante et enrichissante.
6668,7730,Mariam Hleli,Microsoft Azure Administrator,5,3,3,4,3,5,"Contenu bien structuré, formateur compétent."
6669,7581,Farah Mabrouk,Microsoft Azure Administrator,4,4,5,4,4,5,Formation très intéressante et enrichissante.
6670,8059,Emad Guesmi,Google Cloud Professional Cloud Architect,3,5,3,5,4,3,"Contenu bien structuré, formateur compétent."
6671,7954,Karim Khlif,Google Cloud Professional Cloud Architect,3,4,3,4,5,4,Formation très intéressante et enrichissante.
6672,7940,Maher Hamdi,Google Cloud Professional Cloud Architect,5,5,4,4,5,5,"Contenu bien structuré, formateur compétent."
6673,7943,Zied Essid,Google Cloud Professional Cloud Architect,5,4,3,4,4,3,"Contenu bien structuré, formateur compétent."
6674,7627,Chiraz Hamdi,Google Cloud Professional Cloud Architect,5,5,4,3,4,5,Formation très intéressante et enrichissante.
6675,7586,Samir Guesmi,Google Cloud Professional Cloud Architect,3,4,4,5,5,5,Formation très intéressante et enrichissante.
6676,7607,Samia Feriani,Google Cloud Professional Cloud Architect,4,3,5,4,5,3,Formation très intéressante et enrichissante.
6677,7968,Farah Chaieb,Google Cloud Professional Cloud Architect,5,3,4,3,4,5,Formation très intéressante et enrichissante.
6678,7982,Lobna Dali,Google Cloud Professional Cloud Architect,4,5,5,4,3,4,Formation très intéressante et enrichissante.
6679,8059,Emad Guesmi,Google Cloud Professional Cloud Architect,5,4,4,3,3,5,"Contenu bien structuré, formateur compétent."
6680,7981,Takwa Ghorbel,Google Cloud Professional Cloud Architect,5,3,4,4,4,3,Formation très intéressante et enrichissante.
6681,7954,Karim Khlif,Google Cloud Professional Cloud Architect,3,5,5,3,4,4,Formation très intéressante et enrichissante.
6682,7893,Thouraya Jazi,Google Cloud Professional Cloud Architect,3,3,5,5,4,3,Formation très intéressante et enrichissante.
6683,7922,Amel Gasmi,Google Cloud Professional Cloud Architect,3,4,4,5,3,4,"Contenu bien structuré, formateur compétent."
6684,7943,Zied Essid,Google Cloud Professional Cloud Architect,5,5,3,5,3,3,"Contenu bien structuré, formateur compétent."
6685,7936,Hiba Mansouri,Google Cloud Professional Cloud Architect,3,5,3,3,3,4,Formation très intéressante et enrichissante.
6686,7900,Fares Limam,Google Cloud Professional Cloud Architect,4,4,3,5,4,4,"Contenu bien structuré, formateur compétent."
6687,7935,Omar Neffati,Google Cloud Professional Cloud Architect,5,3,3,4,4,4,Formation très intéressante et enrichissante.
6688,7975,Dalila Marzouki,Google Cloud Professional Cloud Architect,3,3,5,4,4,5,"Contenu bien structuré, formateur compétent."
6689,7627,Chiraz Hamdi,Google Cloud Professional Cloud Architect,5,3,3,5,4,5,Formation très intéressante et enrichissante.
6690,7565,Dorra Khedher,Google Cloud Professional Cloud Architect,3,3,5,4,5,5,Formation très intéressante et enrichissante.
6691,7586,Samir Guesmi,Google Cloud Professional Cloud Architect,5,5,3,5,3,3,"Contenu bien structuré, formateur compétent."
6692,8001,Manel Dali,Google Cloud Professional Cloud Architect,5,5,5,5,3,3,Formation très intéressante et enrichissante.
6693,8059,Emad Guesmi,Google Cloud Professional Cloud Architect,5,4,3,5,5,5,Formation très intéressante et enrichissante.
6694,7917,Tarek Mansouri,Google Cloud Professional Cloud Architect,3,4,4,5,5,5,"Contenu bien structuré, formateur compétent."
6695,7981,Takwa Ghorbel,Google Cloud Professional Cloud Architect,5,3,5,5,3,3,"Contenu bien structuré, formateur compétent."
6696,7959,Emna Hadj,Google Cloud Professional Cloud Architect,4,4,3,5,3,5,"Contenu bien structuré, formateur compétent."
6697,7979,Moez Jebali,Google Cloud Professional Cloud Architect,4,5,5,3,3,5,"Contenu bien structuré, formateur compétent."
6698,7954,Karim Khlif,Google Cloud Professional Cloud Architect,3,5,4,5,3,5,"Contenu bien structuré, formateur compétent."
6699,7893,Thouraya Jazi,Google Cloud Professional Cloud Architect,4,5,3,3,4,5,"Contenu bien structuré, formateur compétent."
6700,7896,Zohra Ktari,Google Cloud Professional Cloud Architect,3,3,3,4,5,5,Formation très intéressante et enrichissante.
6701,7940,Maher Hamdi,Google Cloud Professional Cloud Architect,4,5,3,3,3,5,"Contenu bien structuré, formateur compétent."
6702,7922,Amel Gasmi,Google Cloud Professional Cloud Architect,5,3,4,3,5,3,"Contenu bien structuré, formateur compétent."
6703,7943,Zied Essid,Google Cloud Professional Cloud Architect,5,4,4,4,5,4,Formation très intéressante et enrichissante.
6704,7936,Hiba Mansouri,Google Cloud Professional Cloud Architect,3,4,3,5,4,3,"Contenu bien structuré, formateur compétent."
6705,7935,Omar Neffati,Google Cloud Professional Cloud Architect,4,5,3,3,5,3,"Contenu bien structuré, formateur compétent."
6706,7975,Dalila Marzouki,Google Cloud Professional Cloud Architect,4,3,3,3,5,4,"Contenu bien structuré, formateur compétent."
6707,7627,Chiraz Hamdi,Google Cloud Professional Cloud Architect,5,4,5,3,3,4,"Contenu bien structuré, formateur compétent."
6708,7565,Dorra Khedher,Google Cloud Professional Cloud Architect,3,3,5,5,3,4,Formation très intéressante et enrichissante.
6709,7607,Samia Feriani,Google Cloud Professional Cloud Architect,5,4,5,3,4,5,"Contenu bien structuré, formateur compétent."
6710,7982,Lobna Dali,Google Cloud Professional Cloud Architect,4,4,4,4,4,3,Formation très intéressante et enrichissante.
6711,7781,Ikram Fourati,Scrum Master Certified,4,4,4,5,4,4,"Contenu bien structuré, formateur compétent."
6712,7451,Slim Ben Youssef,Scrum Master Certified,4,3,3,5,5,4,Formation très intéressante et enrichissante.
6713,7437,Hatem Guizani,Scrum Master Certified,4,4,4,4,4,4,Formation très intéressante et enrichissante.
6714,7352,Latifa Kchir,Scrum Master Certified,3,3,4,3,4,4,"Contenu bien structuré, formateur compétent."
6715,7418,Khaled Essid,Scrum Master Certified,3,4,4,3,4,4,"Contenu bien structuré, formateur compétent."
6716,7487,Sofiane Ghorbel,Scrum Master Certified,3,5,3,5,4,5,"Contenu bien structuré, formateur compétent."
6717,7419,Karima Chihaoui,Scrum Master Certified,5,3,3,5,5,4,"Contenu bien structuré, formateur compétent."
6718,7490,Amine Ben Ahmed,Scrum Master Certified,4,4,3,4,5,4,Formation très intéressante et enrichissante.
6719,7342,Hiba Jelassi,Scrum Master Certified,3,3,3,5,4,5,"Contenu bien structuré, formateur compétent."
6720,7491,Tarek Miled,Scrum Master Certified,3,5,4,5,5,4,Formation très intéressante et enrichissante.
6721,7451,Slim Ben Youssef,Scrum Master Certified,5,4,5,4,4,3,Formation très intéressante et enrichissante.
6722,7418,Khaled Essid,Scrum Master Certified,4,4,4,5,3,4,Formation très intéressante et enrichissante.
6723,7467,Adel Jelassi,Scrum Master Certified,4,3,4,5,5,5,"Contenu bien structuré, formateur compétent."
6724,7419,Karima Chihaoui,Scrum Master Certified,4,4,4,5,5,3,Formation très intéressante et enrichissante.
6725,7340,Zouheir Neffati,Scrum Master Certified,4,3,5,5,5,5,Formation très intéressante et enrichissante.
6726,7345,Farah Guesmi,Scrum Master Certified,3,3,4,5,4,3,"Contenu bien structuré, formateur compétent."
6727,7490,Amine Ben Ahmed,Scrum Master Certified,5,4,3,4,5,3,Formation très intéressante et enrichissante.
6728,7342,Hiba Jelassi,Scrum Master Certified,3,4,4,3,5,4,"Contenu bien structuré, formateur compétent."
6729,7491,Tarek Miled,Scrum Master Certified,4,5,5,3,4,3,Formation très intéressante et enrichissante.
6730,7489,Ali Dali,Scrum Master Certified,3,3,3,4,3,3,"Contenu bien structuré, formateur compétent."
6731,7781,Ikram Fourati,Scrum Master Certified,4,3,4,4,5,4,Formation très intéressante et enrichissante.
6732,7514,Zohra Hajji,Scrum Master Certified,3,4,3,4,4,4,Formation très intéressante et enrichissante.
6733,7437,Hatem Guizani,Scrum Master Certified,4,5,5,4,5,4,Formation très intéressante et enrichissante.
6734,7418,Khaled Essid,Scrum Master Certified,3,4,4,3,4,4,Formation très intéressante et enrichissante.
6735,7487,Sofiane Ghorbel,Scrum Master Certified,3,5,5,4,4,3,"Contenu bien structuré, formateur compétent."
6736,7419,Karima Chihaoui,Scrum Master Certified,3,4,3,5,4,5,Formation très intéressante et enrichissante.
6737,7340,Zouheir Neffati,Scrum Master Certified,5,5,4,5,3,3,Formation très intéressante et enrichissante.
6738,7345,Farah Guesmi,Scrum Master Certified,3,4,5,5,4,4,"Contenu bien structuré, formateur compétent."
6739,7342,Hiba Jelassi,Scrum Master Certified,5,4,4,4,4,3,"Contenu bien structuré, formateur compétent."
6740,7484,Sonia Hmida,Scrum Master Certified,5,5,4,5,3,5,Formation très intéressante et enrichissante.
6741,7336,Samir Hamdi,Scrum Master Certified,5,3,5,5,4,3,Formation très intéressante et enrichissante.
6742,7491,Tarek Miled,Scrum Master Certified,5,3,4,5,4,5,"Contenu bien structuré, formateur compétent."
6743,7335,Besma Bouhamed,Project Management Professional (PMP),4,3,3,4,5,4,"Contenu bien structuré, formateur compétent."
6744,7438,Samir Gharbi,Project Management Professional (PMP),4,3,5,3,3,5,Formation très intéressante et enrichissante.
6745,7328,Yosra Jouini,Project Management Professional (PMP),4,3,3,3,3,3,"Contenu bien structuré, formateur compétent."
6746,7393,Cyrine Marzouki,Project Management Professional (PMP),5,3,5,3,4,3,"Contenu bien structuré, formateur compétent."
6747,7400,Hatem Jemli,Project Management Professional (PMP),4,5,3,3,4,4,Formation très intéressante et enrichissante.
6748,7518,Nesrine Hachicha,Project Management Professional (PMP),5,4,3,5,5,3,Formation très intéressante et enrichissante.
6749,7463,Ghada Horchani,Project Management Professional (PMP),3,3,4,5,5,5,"Contenu bien structuré, formateur compétent."
6750,7454,Samir Mejri,Project Management Professional (PMP),5,5,5,4,3,4,"Contenu bien structuré, formateur compétent."
6751,7857,Yasmine Jazi,Project Management Professional (PMP),3,4,3,4,4,5,Formation très intéressante et enrichissante.
6752,7328,Yosra Jouini,Project Management Professional (PMP),3,3,4,4,4,5,Formation très intéressante et enrichissante.
6753,7393,Cyrine Marzouki,Project Management Professional (PMP),4,3,5,5,3,3,Formation très intéressante et enrichissante.
6754,7400,Hatem Jemli,Project Management Professional (PMP),3,4,4,3,4,3,"Contenu bien structuré, formateur compétent."
6755,7358,Rania Louati,Project Management Professional (PMP),3,3,3,4,5,3,Formation très intéressante et enrichissante.
6756,7518,Nesrine Hachicha,Project Management Professional (PMP),4,4,5,4,4,4,"Contenu bien structuré, formateur compétent."
6757,7376,Fatma Guizani,Project Management Professional (PMP),5,3,3,3,3,5,"Contenu bien structuré, formateur compétent."
6758,7512,Emad Jebali,Project Management Professional (PMP),5,5,5,5,4,4,Formation très intéressante et enrichissante.
6759,7463,Ghada Horchani,Project Management Professional (PMP),4,4,5,4,4,5,Formation très intéressante et enrichissante.
6760,7568,Imed Bouhamed,Project Management Professional (PMP),5,5,3,4,4,5,"Contenu bien structuré, formateur compétent."
6761,7478,Ikram Jemli,Project Management Professional (PMP),5,4,4,5,3,4,Formation très intéressante et enrichissante.
6762,7335,Besma Bouhamed,Project Management Professional (PMP),4,4,5,3,5,5,"Contenu bien structuré, formateur compétent."
6763,7438,Samir Gharbi,Project Management Professional (PMP),3,3,5,3,3,3,Formation très intéressante et enrichissante.
6764,7857,Yasmine Jazi,Project Management Professional (PMP),4,4,4,4,5,4,Formation très intéressante et enrichissante.
6765,7328,Yosra Jouini,Project Management Professional (PMP),3,3,4,3,5,4,"Contenu bien structuré, formateur compétent."
6766,7393,Cyrine Marzouki,Project Management Professional (PMP),4,4,4,5,3,3,Formation très intéressante et enrichissante.
6767,7400,Hatem Jemli,Project Management Professional (PMP),5,3,3,4,5,4,"Contenu bien structuré, formateur compétent."
6768,7380,Ahlem Dali,Project Management Professional (PMP),4,5,4,4,4,3,Formation très intéressante et enrichissante.
6769,7376,Fatma Guizani,Project Management Professional (PMP),5,3,3,4,5,3,Formation très intéressante et enrichissante.
6770,7512,Emad Jebali,Project Management Professional (PMP),4,3,4,5,5,3,"Contenu bien structuré, formateur compétent."
6771,7454,Samir Mejri,Project Management Professional (PMP),5,5,3,3,3,5,"Contenu bien structuré, formateur compétent."
6772,7568,Imed Bouhamed,Project Management Professional (PMP),4,4,4,5,4,4,"Contenu bien structuré, formateur compétent."
6773,7405,Dalila Mejri,Project Management Professional (PMP),5,4,4,5,4,5,Formation très intéressante et enrichissante.
6774,7674,Rami Mahjoub,Certified Information Systems Security Professional (CISSP),3,5,3,3,5,4,Formation très intéressante et enrichissante.
6775,7169,Lobna Bouhamed,Certified Information Systems Security Professional (CISSP),5,5,3,4,4,3,"Contenu bien structuré, formateur compétent."
6776,7575,Zeineb Nabli,Certified Information Systems Security Professional (CISSP),3,3,5,3,4,3,Formation très intéressante et enrichissante.
6777,7996,Zohra Kchir,Certified Information Systems Security Professional (CISSP),5,3,3,4,5,4,"Contenu bien structuré, formateur compétent."
6778,7901,Wael Ghanmi,Certified Information Systems Security Professional (CISSP),5,4,5,3,5,3,Formation très intéressante et enrichissante.
6779,7651,Dorra Bouaziz,Certified Information Systems Security Professional (CISSP),3,5,4,4,3,3,Formation très intéressante et enrichissante.
6780,7643,Jihene Marzouki,Certified Information Systems Security Professional (CISSP),4,4,5,3,5,5,Formation très intéressante et enrichissante.
6781,7915,Imed Chebbi,Certified Information Systems Security Professional (CISSP),3,5,5,5,3,4,"Contenu bien structuré, formateur compétent."
6782,7667,Fares Ben Salah,Certified Information Systems Security Professional (CISSP),3,4,5,5,3,3,Formation très intéressante et enrichissante.
6783,7563,Hana Mabrouk,Certified Information Systems Security Professional (CISSP),3,4,4,3,3,3,Formation très intéressante et enrichissante.
6784,7674,Rami Mahjoub,Certified Information Systems Security Professional (CISSP),3,4,4,3,5,4,"Contenu bien structuré, formateur compétent."
6785,7159,Nabil Karoui,Certified Information Systems Security Professional (CISSP),3,4,4,5,4,5,Formation très intéressante et enrichissante.
6786,7575,Zeineb Nabli,Certified Information Systems Security Professional (CISSP),4,5,4,5,5,5,Formation très intéressante et enrichissante.
6787,7638,Noureddine Kchir,Certified Information Systems Security Professional (CISSP),3,3,5,4,4,5,Formation très intéressante et enrichissante.
6788,7996,Zohra Kchir,Certified Information Systems Security Professional (CISSP),5,4,5,5,5,4,Formation très intéressante et enrichissante.
6789,7901,Wael Ghanmi,Certified Information Systems Security Professional (CISSP),5,4,3,3,4,3,Formation très intéressante et enrichissante.
6790,7643,Jihene Marzouki,Certified Information Systems Security Professional (CISSP),3,3,3,4,3,4,Formation très intéressante et enrichissante.
6791,7915,Imed Chebbi,Certified Information Systems Security Professional (CISSP),5,4,5,5,3,3,"Contenu bien structuré, formateur compétent."
6792,7576,Walid Hamdi,Certified Information Systems Security Professional (CISSP),3,3,5,5,3,3,"Contenu bien structuré, formateur compétent."
6793,7667,Fares Ben Salah,Certified Information Systems Security Professional (CISSP),3,3,3,5,5,4,"Contenu bien structuré, formateur compétent."
6794,7674,Rami Mahjoub,Certified Information Systems Security Professional (CISSP),5,3,3,4,4,3,"Contenu bien structuré, formateur compétent."
6795,7159,Nabil Karoui,Certified Information Systems Security Professional (CISSP),3,5,5,3,3,5,"Contenu bien structuré, formateur compétent."
6796,7169,Lobna Bouhamed,Certified Information Systems Security Professional (CISSP),5,4,4,3,4,3,Formation très intéressante et enrichissante.
6797,7588,Ridha Gharbi,Certified Information Systems Security Professional (CISSP),3,4,3,3,3,3,Formation très intéressante et enrichissante.
6798,7638,Noureddine Kchir,Certified Information Systems Security Professional (CISSP),3,5,4,5,3,4,Formation très intéressante et enrichissante.
6799,8081,Amine Laabidi,Certified Information Systems Security Professional (CISSP),5,3,5,3,4,4,Formation très intéressante et enrichissante.
6800,7996,Zohra Kchir,Certified Information Systems Security Professional (CISSP),5,3,5,5,4,3,"Contenu bien structuré, formateur compétent."
6801,7651,Dorra Bouaziz,Certified Information Systems Security Professional (CISSP),4,5,5,5,3,4,"Contenu bien structuré, formateur compétent."
6802,7643,Jihene Marzouki,Certified Information Systems Security Professional (CISSP),4,5,3,4,3,5,"Contenu bien structuré, formateur compétent."
6803,7915,Imed Chebbi,Certified Information Systems Security Professional (CISSP),5,3,5,3,5,3,Formation très intéressante et enrichissante.
6804,7200,Lamia Guizani,Certified Information Systems Security Professional (CISSP),3,4,4,3,3,3,"Contenu bien structuré, formateur compétent."
6805,7576,Walid Hamdi,Certified Information Systems Security Professional (CISSP),3,3,4,5,4,3,Formation très intéressante et enrichissante.
6806,7948,Fadia Khlif,Certified Information Systems Security Professional (CISSP),5,4,4,3,4,3,Formation très intéressante et enrichissante.
6807,7564,Sabrine Jazi,Certified Information Systems Security Professional (CISSP),5,4,4,4,4,4,Formation très intéressante et enrichissante.
6808,7639,Walid Louati,Certified Information Systems Security Professional (CISSP),5,3,4,5,5,5,Formation très intéressante et enrichissante.
6809,7634,Karima Guesmi,Certified Information Systems Security Professional (CISSP),5,4,3,5,3,3,"Contenu bien structuré, formateur compétent."
6810,7563,Hana Mabrouk,Certified Information Systems Security Professional (CISSP),5,5,3,5,3,4,"Contenu bien structuré, formateur compétent."
6811,8110,Lobna Gasmi,Certified Information Systems Security Professional (CISSP),3,4,3,5,3,3,Formation très intéressante et enrichissante.
6812,7674,Rami Mahjoub,Certified Information Systems Security Professional (CISSP),5,4,3,5,3,3,Formation très intéressante et enrichissante.
6813,7222,Salma Khlif,Certified Information Systems Security Professional (CISSP),3,5,4,5,5,4,"Contenu bien structuré, formateur compétent."
6814,7169,Lobna Bouhamed,Certified Information Systems Security Professional (CISSP),5,3,4,4,3,3,Formation très intéressante et enrichissante.
6815,7568,Imed Bouhamed,Certified Information Systems Security Professional (CISSP),4,5,3,5,3,3,Formation très intéressante et enrichissante.
6816,7588,Ridha Gharbi,Certified Information Systems Security Professional (CISSP),4,5,4,5,5,4,Formation très intéressante et enrichissante.
6817,7638,Noureddine Kchir,Certified Information Systems Security Professional (CISSP),3,5,5,3,4,4,"Contenu bien structuré, formateur compétent."
6818,8081,Amine Laabidi,Certified Information Systems Security Professional (CISSP),3,4,4,3,5,4,Formation très intéressante et enrichissante.
6819,7901,Wael Ghanmi,Certified Information Systems Security Professional (CISSP),4,5,3,5,4,5,Formation très intéressante et enrichissante.
6820,7643,Jihene Marzouki,Certified Information Systems Security Professional (CISSP),3,3,5,4,3,4,Formation très intéressante et enrichissante.
6821,7915,Imed Chebbi,Certified Information Systems Security Professional (CISSP),4,4,3,3,5,5,Formation très intéressante et enrichissante.
6822,7200,Lamia Guizani,Certified Information Systems Security Professional (CISSP),5,5,3,3,4,5,"Contenu bien structuré, formateur compétent."
6823,7576,Walid Hamdi,Certified Information Systems Security Professional (CISSP),3,4,5,3,5,5,Formation très intéressante et enrichissante.
6824,7667,Fares Ben Salah,Certified Information Systems Security Professional (CISSP),5,4,3,4,5,3,Formation très intéressante et enrichissante.
6825,7948,Fadia Khlif,Certified Information Systems Security Professional (CISSP),3,4,3,5,4,5,Formation très intéressante et enrichissante.
6826,7564,Sabrine Jazi,Certified Information Systems Security Professional (CISSP),5,4,5,3,5,3,Formation très intéressante et enrichissante.
6827,7634,Karima Guesmi,Certified Information Systems Security Professional (CISSP),3,4,4,5,5,4,"Contenu bien structuré, formateur compétent."
6828,7563,Hana Mabrouk,Certified Information Systems Security Professional (CISSP),3,4,4,3,5,3,"Contenu bien structuré, formateur compétent."
6829,7674,Rami Mahjoub,Certified Information Systems Security Professional (CISSP),4,3,3,5,4,3,Formation très intéressante et enrichissante.
6830,7222,Salma Khlif,Certified Information Systems Security Professional (CISSP),4,3,4,3,5,5,Formation très intéressante et enrichissante.
6831,7159,Nabil Karoui,Certified Information Systems Security Professional (CISSP),3,5,3,5,5,4,Formation très intéressante et enrichissante.
6832,7169,Lobna Bouhamed,Certified Information Systems Security Professional (CISSP),5,3,5,5,4,4,Formation très intéressante et enrichissante.
6833,7575,Zeineb Nabli,Certified Information Systems Security Professional (CISSP),3,5,4,5,4,5,"Contenu bien structuré, formateur compétent."
6834,8081,Amine Laabidi,Certified Information Systems Security Professional (CISSP),3,3,4,5,3,5,Formation très intéressante et enrichissante.
6835,7667,Fares Ben Salah,Certified Information Systems Security Professional (CISSP),4,4,5,4,4,4,"Contenu bien structuré, formateur compétent."
6836,7564,Sabrine Jazi,Certified Information Systems Security Professional (CISSP),5,5,4,4,3,5,"Contenu bien structuré, formateur compétent."
6837,7634,Karima Guesmi,Certified Information Systems Security Professional (CISSP),3,3,3,5,5,3,"Contenu bien structuré, formateur compétent."
6838,7694,Jamel Hleli,Data Science avec Python,5,5,4,5,5,3,"Contenu bien structuré, formateur compétent."
6839,7779,Thouraya Karoui,Data Science avec Python,5,5,5,5,5,5,"Contenu bien structuré, formateur compétent."
6840,7961,Najoua Neffati,Data Science avec Python,5,5,5,5,3,5,"Contenu bien structuré, formateur compétent."
6841,7888,Fadia Khlif,Data Science avec Python,5,3,3,5,3,4,Formation très intéressante et enrichissante.
6842,7926,Ridha Khlif,Data Science avec Python,3,4,4,4,4,5,Formation très intéressante et enrichissante.
6843,7911,Jamel Dali,Data Science avec Python,5,5,4,4,5,5,Formation très intéressante et enrichissante.
6844,7642,Hedi Ferjani,Data Science avec Python,5,3,5,5,4,5,Formation très intéressante et enrichissante.
6845,7906,Nabil Essid,Data Science avec Python,3,5,3,5,5,5,"Contenu bien structuré, formateur compétent."
6846,7729,Ahlem Mabrouk,Data Science avec Python,3,4,4,4,5,5,"Contenu bien structuré, formateur compétent."
6847,7831,Slim Labidi,Data Science avec Python,3,3,3,4,5,5,Formation très intéressante et enrichissante.
6848,8069,Besma Ben Ahmed,Data Science avec Python,4,4,5,4,3,5,Formation très intéressante et enrichissante.
6849,7798,Yasmine Laabidi,Data Science avec Python,3,5,3,3,5,3,"Contenu bien structuré, formateur compétent."
6850,7694,Jamel Hleli,Data Science avec Python,4,5,4,5,4,3,Formation très intéressante et enrichissante.
6851,7779,Thouraya Karoui,Data Science avec Python,4,3,4,4,3,3,Formation très intéressante et enrichissante.
6852,7759,Ridha Ben Ahmed,Data Science avec Python,5,3,4,4,3,4,"Contenu bien structuré, formateur compétent."
6853,7704,Moez Ben Youssef,Data Science avec Python,3,4,5,5,5,3,Formation très intéressante et enrichissante.
6854,8079,Jihene Mahjoub,Data Science avec Python,3,5,3,4,4,5,"Contenu bien structuré, formateur compétent."
6855,7936,Hiba Mansouri,Data Science avec Python,4,4,4,3,5,5,"Contenu bien structuré, formateur compétent."
6856,7961,Najoua Neffati,Data Science avec Python,3,3,5,3,5,5,"Contenu bien structuré, formateur compétent."
6857,7915,Imed Chebbi,Data Science avec Python,5,4,5,4,4,5,Formation très intéressante et enrichissante.
6858,7926,Ridha Khlif,Data Science avec Python,5,3,4,5,4,5,Formation très intéressante et enrichissante.
6859,7911,Jamel Dali,Data Science avec Python,4,3,3,4,4,4,Formation très intéressante et enrichissante.
6860,7642,Hedi Ferjani,Data Science avec Python,3,5,4,3,5,3,"Contenu bien structuré, formateur compétent."
6861,7831,Slim Labidi,Data Science avec Python,4,3,3,4,3,3,Formation très intéressante et enrichissante.
6862,7837,Dalila Hachicha,Data Science avec Python,3,3,5,5,4,3,"Contenu bien structuré, formateur compétent."
6863,7694,Jamel Hleli,Data Science avec Python,3,4,4,5,4,5,Formation très intéressante et enrichissante.
6864,7779,Thouraya Karoui,Data Science avec Python,4,5,5,5,5,5,Formation très intéressante et enrichissante.
6865,7936,Hiba Mansouri,Data Science avec Python,4,3,5,4,3,4,Formation très intéressante et enrichissante.
6866,7961,Najoua Neffati,Data Science avec Python,5,3,3,4,3,5,Formation très intéressante et enrichissante.
6867,7915,Imed Chebbi,Data Science avec Python,4,4,4,3,5,4,"Contenu bien structuré, formateur compétent."
6868,7888,Fadia Khlif,Data Science avec Python,4,5,4,3,5,4,"Contenu bien structuré, formateur compétent."
6869,7940,Maher Hamdi,Data Science avec Python,4,3,3,4,3,3,Formation très intéressante et enrichissante.
6870,7926,Ridha Khlif,Data Science avec Python,4,5,4,5,4,4,"Contenu bien structuré, formateur compétent."
6871,7918,Rami Guizani,Data Science avec Python,3,4,4,5,4,3,"Contenu bien structuré, formateur compétent."
6872,7831,Slim Labidi,Data Science avec Python,4,3,4,5,3,5,Formation très intéressante et enrichissante.
6873,7837,Dalila Hachicha,Data Science avec Python,3,5,5,3,4,3,Formation très intéressante et enrichissante.
6874,8069,Besma Ben Ahmed,Data Science avec Python,5,5,5,4,5,3,"Contenu bien structuré, formateur compétent."
6875,7798,Yasmine Laabidi,Data Science avec Python,4,3,4,3,5,4,Formation très intéressante et enrichissante.
6876,7829,Maher Guizani,Blockchain pour les entreprises,3,3,5,3,3,4,Formation très intéressante et enrichissante.
6877,7706,Samia Horchani,Blockchain pour les entreprises,4,5,5,4,4,4,"Contenu bien structuré, formateur compétent."
6878,7692,Sonia Guizani,Blockchain pour les entreprises,4,5,4,4,4,5,Formation très intéressante et enrichissante.
6879,7702,Ghada Miled,Blockchain pour les entreprises,3,3,5,4,4,3,Formation très intéressante et enrichissante.
6880,7779,Thouraya Karoui,Blockchain pour les entreprises,3,5,3,3,3,3,"Contenu bien structuré, formateur compétent."
6881,8018,Noureddine Limam,Blockchain pour les entreprises,4,4,5,5,4,5,Formation très intéressante et enrichissante.
6882,7227,Sonia Marzouki,Blockchain pour les entreprises,4,5,5,4,3,5,Formation très intéressante et enrichissante.
6883,7870,Tarek Jelassi,Blockchain pour les entreprises,5,5,3,5,4,4,"Contenu bien structuré, formateur compétent."
6884,7239,Marwan Hamdi,Blockchain pour les entreprises,3,5,4,3,5,3,Formation très intéressante et enrichissante.
6885,7221,Latifa Bouslama,Blockchain pour les entreprises,4,3,4,5,4,4,"Contenu bien structuré, formateur compétent."
6886,7546,Slim Fatnassi,Blockchain pour les entreprises,4,5,5,5,4,4,"Contenu bien structuré, formateur compétent."
6887,7251,Hedi Louati,Blockchain pour les entreprises,4,4,5,5,4,3,Formation très intéressante et enrichissante.
6888,7863,Rim Omrani,Blockchain pour les entreprises,3,3,4,3,3,3,Formation très intéressante et enrichissante.
6889,7667,Fares Ben Salah,Blockchain pour les entreprises,4,3,5,3,4,4,"Contenu bien structuré, formateur compétent."
6890,7436,Rania Nasri,Blockchain pour les entreprises,4,4,4,4,3,5,"Contenu bien structuré, formateur compétent."
6891,7735,Olfa Bouzid,Blockchain pour les entreprises,3,5,3,3,4,5,"Contenu bien structuré, formateur compétent."
6892,7829,Maher Guizani,Blockchain pour les entreprises,4,4,5,5,4,5,Formation très intéressante et enrichissante.
6893,7706,Samia Horchani,Blockchain pour les entreprises,3,5,4,5,5,4,Formation très intéressante et enrichissante.
6894,7702,Ghada Miled,Blockchain pour les entreprises,3,5,5,4,5,5,"Contenu bien structuré, formateur compétent."
6895,7779,Thouraya Karoui,Blockchain pour les entreprises,3,3,3,5,3,5,"Contenu bien structuré, formateur compétent."
6896,7383,Khaled Ben Salah,Blockchain pour les entreprises,5,4,4,5,5,5,Formation très intéressante et enrichissante.
6897,8018,Noureddine Limam,Blockchain pour les entreprises,4,5,3,5,4,5,"Contenu bien structuré, formateur compétent."
6898,7227,Sonia Marzouki,Blockchain pour les entreprises,5,3,5,4,5,4,"Contenu bien structuré, formateur compétent."
6899,7802,Karim Neffati,Blockchain pour les entreprises,5,4,4,3,3,3,"Contenu bien structuré, formateur compétent."
6900,7743,Hana Ben Youssef,Blockchain pour les entreprises,4,4,3,4,3,4,Formation très intéressante et enrichissante.
6901,7870,Tarek Jelassi,Blockchain pour les entreprises,3,5,4,3,4,4,Formation très intéressante et enrichissante.
6902,7510,Amine Daoud,Blockchain pour les entreprises,5,4,3,5,3,3,Formation très intéressante et enrichissante.
6903,7221,Latifa Bouslama,Blockchain pour les entreprises,5,4,3,4,3,5,Formation très intéressante et enrichissante.
6904,7546,Slim Fatnassi,Blockchain pour les entreprises,5,4,3,4,4,3,"Contenu bien structuré, formateur compétent."
6905,7251,Hedi Louati,Blockchain pour les entreprises,4,5,4,5,4,3,Formation très intéressante et enrichissante.
6906,7851,Dorsaf Nasri,Blockchain pour les entreprises,5,4,5,4,5,5,"Contenu bien structuré, formateur compétent."
6907,7436,Rania Nasri,Blockchain pour les entreprises,3,5,5,3,4,5,Formation très intéressante et enrichissante.
6908,7735,Olfa Bouzid,Blockchain pour les entreprises,5,5,5,3,4,4,"Contenu bien structuré, formateur compétent."
6909,7271,Zeineb Hamdi,Blockchain pour les entreprises,5,3,4,3,4,3,"Contenu bien structuré, formateur compétent."
6910,7829,Maher Guizani,Blockchain pour les entreprises,3,5,5,5,5,3,Formation très intéressante et enrichissante.
6911,7877,Maher Feriani,Blockchain pour les entreprises,5,3,3,5,3,4,"Contenu bien structuré, formateur compétent."
6912,7706,Samia Horchani,Blockchain pour les entreprises,5,3,3,4,4,3,Formation très intéressante et enrichissante.
6913,7692,Sonia Guizani,Blockchain pour les entreprises,5,5,5,3,4,4,"Contenu bien structuré, formateur compétent."
6914,7702,Ghada Miled,Blockchain pour les entreprises,5,3,5,3,3,4,Formation très intéressante et enrichissante.
6915,7383,Khaled Ben Salah,Blockchain pour les entreprises,5,4,4,5,4,5,Formation très intéressante et enrichissante.
6916,8018,Noureddine Limam,Blockchain pour les entreprises,5,3,4,5,4,3,Formation très intéressante et enrichissante.
6917,7227,Sonia Marzouki,Blockchain pour les entreprises,4,4,3,3,3,3,Formation très intéressante et enrichissante.
6918,7743,Hana Ben Youssef,Blockchain pour les entreprises,5,3,3,4,4,5,Formation très intéressante et enrichissante.
6919,7239,Marwan Hamdi,Blockchain pour les entreprises,4,3,3,4,5,4,"Contenu bien structuré, formateur compétent."
6920,7221,Latifa Bouslama,Blockchain pour les entreprises,3,5,3,4,4,5,Formation très intéressante et enrichissante.
6921,7546,Slim Fatnassi,Blockchain pour les entreprises,5,5,4,4,3,4,Formation très intéressante et enrichissante.
6922,7863,Rim Omrani,Blockchain pour les entreprises,5,3,3,4,4,3,Formation très intéressante et enrichissante.
6923,7851,Dorsaf Nasri,Blockchain pour les entreprises,5,3,3,5,3,5,Formation très intéressante et enrichissante.
6924,7667,Fares Ben Salah,Blockchain pour les entreprises,3,4,5,3,3,4,Formation très intéressante et enrichissante.
6925,7436,Rania Nasri,Blockchain pour les entreprises,3,4,3,3,5,5,Formation très intéressante et enrichissante.
6926,7735,Olfa Bouzid,Blockchain pour les entreprises,5,5,3,4,5,4,"Contenu bien structuré, formateur compétent."
6927,7958,Chiraz Chebbi,Intelligence Artificielle pour managers,5,4,5,3,4,3,"Contenu bien structuré, formateur compétent."
6928,7697,Rim Jelassi,Intelligence Artificielle pour managers,3,5,4,5,5,3,"Contenu bien structuré, formateur compétent."
6929,7632,Ali Hmida,Intelligence Artificielle pour managers,4,4,3,5,5,3,"Contenu bien structuré, formateur compétent."
6930,7751,Karima Chaabane,Intelligence Artificielle pour managers,5,4,5,5,3,5,Formation très intéressante et enrichissante.
6931,7635,Hajer Hmida,Intelligence Artificielle pour managers,5,5,4,5,5,4,Formation très intéressante et enrichissante.
6932,7741,Amel Ghorbel,Intelligence Artificielle pour managers,5,4,4,4,4,4,"Contenu bien structuré, formateur compétent."
6933,7720,Amine Meddeb,Intelligence Artificielle pour managers,5,5,5,5,4,4,Formation très intéressante et enrichissante.
6934,7675,Hana Trabelsi,Intelligence Artificielle pour managers,3,4,3,5,5,5,"Contenu bien structuré, formateur compétent."
6935,7685,Moncef Khlif,Intelligence Artificielle pour managers,3,3,4,3,4,5,"Contenu bien structuré, formateur compétent."
6936,7768,Jamel Bouzid,Intelligence Artificielle pour managers,4,3,4,4,4,4,Formation très intéressante et enrichissante.
6937,7702,Ghada Miled,Intelligence Artificielle pour managers,3,5,4,3,5,3,"Contenu bien structuré, formateur compétent."
6938,7765,Jihene Ben Youssef,Intelligence Artificielle pour managers,4,5,5,5,3,5,Formation très intéressante et enrichissante.
6939,7958,Chiraz Chebbi,Intelligence Artificielle pour managers,4,4,5,5,3,5,"Contenu bien structuré, formateur compétent."
6940,7751,Karima Chaabane,Intelligence Artificielle pour managers,3,5,5,3,3,5,"Contenu bien structuré, formateur compétent."
6941,7741,Amel Ghorbel,Intelligence Artificielle pour managers,5,3,3,5,4,5,"Contenu bien structuré, formateur compétent."
6942,7720,Amine Meddeb,Intelligence Artificielle pour managers,4,4,4,4,5,5,"Contenu bien structuré, formateur compétent."
6943,7685,Moncef Khlif,Intelligence Artificielle pour managers,4,4,3,5,3,5,Formation très intéressante et enrichissante.
6944,7843,Farouk Nabli,Intelligence Artificielle pour managers,3,3,3,3,3,4,"Contenu bien structuré, formateur compétent."
6945,7858,Aymen Fatnassi,Intelligence Artificielle pour managers,3,4,4,5,4,4,"Contenu bien structuré, formateur compétent."
6946,7643,Jihene Marzouki,Intelligence Artificielle pour managers,3,5,3,3,4,3,Formation très intéressante et enrichissante.
6947,7958,Chiraz Chebbi,Intelligence Artificielle pour managers,5,4,4,3,3,3,Formation très intéressante et enrichissante.
6948,7632,Ali Hmida,Intelligence Artificielle pour managers,5,5,3,4,5,3,"Contenu bien structuré, formateur compétent."
6949,7635,Hajer Hmida,Intelligence Artificielle pour managers,5,4,4,4,3,3,"Contenu bien structuré, formateur compétent."
6950,7741,Amel Ghorbel,Intelligence Artificielle pour managers,4,5,5,5,5,4,Formation très intéressante et enrichissante.
6951,7720,Amine Meddeb,Intelligence Artificielle pour managers,5,5,5,5,4,5,"Contenu bien structuré, formateur compétent."
6952,7675,Hana Trabelsi,Intelligence Artificielle pour managers,5,4,3,4,3,5,Formation très intéressante et enrichissante.
6953,7685,Moncef Khlif,Intelligence Artificielle pour managers,4,4,3,3,4,5,Formation très intéressante et enrichissante.
6954,7702,Ghada Miled,Intelligence Artificielle pour managers,4,5,5,4,3,3,"Contenu bien structuré, formateur compétent."
6955,7858,Aymen Fatnassi,Intelligence Artificielle pour managers,5,5,5,4,5,5,Formation très intéressante et enrichissante.
6956,7760,Adel Nasri,Intelligence Artificielle pour managers,5,5,4,3,3,5,Formation très intéressante et enrichissante.
6957,7643,Jihene Marzouki,Intelligence Artificielle pour managers,4,4,4,5,3,4,"Contenu bien structuré, formateur compétent."
6958,7765,Jihene Ben Youssef,Intelligence Artificielle pour managers,3,3,5,4,3,4,Formation très intéressante et enrichissante.
6959,7751,Karima Chaabane,Intelligence Artificielle pour managers,5,3,3,3,4,3,Formation très intéressante et enrichissante.
6960,7635,Hajer Hmida,Intelligence Artificielle pour managers,4,4,5,3,3,4,Formation très intéressante et enrichissante.
6961,7675,Hana Trabelsi,Intelligence Artificielle pour managers,5,3,3,5,5,5,"Contenu bien structuré, formateur compétent."
6962,7843,Farouk Nabli,Intelligence Artificielle pour managers,4,4,4,4,4,5,"Contenu bien structuré, formateur compétent."
6963,7768,Jamel Bouzid,Intelligence Artificielle pour managers,5,5,4,5,3,5,Formation très intéressante et enrichissante.
6964,7702,Ghada Miled,Intelligence Artificielle pour managers,3,3,5,3,5,3,Formation très intéressante et enrichissante.
6965,7760,Adel Nasri,Intelligence Artificielle pour managers,4,3,4,5,4,4,"Contenu bien structuré, formateur compétent."
6966,7765,Jihene Ben Youssef,Intelligence Artificielle pour managers,5,4,5,5,4,3,Formation très intéressante et enrichissante.
6967,7958,Chiraz Chebbi,Intelligence Artificielle pour managers,4,5,3,5,5,4,"Contenu bien structuré, formateur compétent."
6968,7697,Rim Jelassi,Intelligence Artificielle pour managers,3,5,4,5,3,3,"Contenu bien structuré, formateur compétent."
6969,7632,Ali Hmida,Intelligence Artificielle pour managers,5,3,3,5,4,5,"Contenu bien structuré, formateur compétent."
6970,7751,Karima Chaabane,Intelligence Artificielle pour managers,4,4,5,4,3,4,Formation très intéressante et enrichissante.
6971,7635,Hajer Hmida,Intelligence Artificielle pour managers,5,4,4,4,5,5,Formation très intéressante et enrichissante.
6972,7741,Amel Ghorbel,Intelligence Artificielle pour managers,3,3,4,5,4,4,Formation très intéressante et enrichissante.
6973,7675,Hana Trabelsi,Intelligence Artificielle pour managers,5,5,4,4,5,4,Formation très intéressante et enrichissante.
6974,7768,Jamel Bouzid,Intelligence Artificielle pour managers,4,3,3,4,4,3,Formation très intéressante et enrichissante.
6975,7702,Ghada Miled,Intelligence Artificielle pour managers,4,4,5,5,4,3,Formation très intéressante et enrichissante.
6976,7858,Aymen Fatnassi,Intelligence Artificielle pour managers,4,5,4,3,4,5,Formation très intéressante et enrichissante.
6977,7760,Adel Nasri,Intelligence Artificielle pour managers,5,5,3,5,4,3,"Contenu bien structuré, formateur compétent."
6978,7643,Jihene Marzouki,Intelligence Artificielle pour managers,4,5,4,5,5,5,Formation très intéressante et enrichissante.
6979,8116,Takwa Derbali,Cybersécurité opérationnelle,4,4,5,3,5,5,"Contenu bien structuré, formateur compétent."
6980,7695,Imed Benhassan,Cybersécurité opérationnelle,3,3,5,3,3,3,"Contenu bien structuré, formateur compétent."
6981,7653,Salah Guizani,Cybersécurité opérationnelle,3,4,3,4,5,3,"Contenu bien structuré, formateur compétent."
6982,7688,Bassem Jouini,Cybersécurité opérationnelle,5,5,3,3,5,4,Formation très intéressante et enrichissante.
6983,7654,Hedi Jouini,Cybersécurité opérationnelle,4,4,4,4,4,3,"Contenu bien structuré, formateur compétent."
6984,7659,Dali Limam,Cybersécurité opérationnelle,3,3,3,5,4,3,Formation très intéressante et enrichissante.
6985,7450,Hatem Limam,Cybersécurité opérationnelle,4,3,4,5,4,5,"Contenu bien structuré, formateur compétent."
6986,7849,Yassine Ghanmi,Cybersécurité opérationnelle,3,5,5,3,3,3,Formation très intéressante et enrichissante.
6987,7762,Moez Ghanmi,Cybersécurité opérationnelle,3,3,5,4,4,3,Formation très intéressante et enrichissante.
6988,7697,Rim Jelassi,Cybersécurité opérationnelle,4,5,5,3,4,4,"Contenu bien structuré, formateur compétent."
6989,7695,Imed Benhassan,Cybersécurité opérationnelle,5,5,5,5,5,4,"Contenu bien structuré, formateur compétent."
6990,7653,Salah Guizani,Cybersécurité opérationnelle,3,3,4,4,4,5,Formation très intéressante et enrichissante.
6991,7673,Ikram Horchani,Cybersécurité opérationnelle,4,3,5,5,3,4,"Contenu bien structuré, formateur compétent."
6992,7688,Bassem Jouini,Cybersécurité opérationnelle,3,5,3,5,5,4,"Contenu bien structuré, formateur compétent."
6993,7654,Hedi Jouini,Cybersécurité opérationnelle,4,5,4,4,3,3,"Contenu bien structuré, formateur compétent."
6994,7659,Dali Limam,Cybersécurité opérationnelle,3,4,5,4,5,5,"Contenu bien structuré, formateur compétent."
6995,7777,Ghazi Gabsi,Cybersécurité opérationnelle,4,5,3,3,3,5,"Contenu bien structuré, formateur compétent."
6996,7661,Hana Jelassi,Cybersécurité opérationnelle,3,4,5,3,5,4,Formation très intéressante et enrichissante.
6997,7544,Ahlem Chebbi,Cybersécurité opérationnelle,5,3,3,5,3,3,"Contenu bien structuré, formateur compétent."
6998,7638,Noureddine Kchir,Cybersécurité opérationnelle,5,4,3,5,5,4,"Contenu bien structuré, formateur compétent."
6999,7521,Hichem Nabli,Cybersécurité opérationnelle,5,3,3,3,3,3,Formation très intéressante et enrichissante.
7000,8116,Takwa Derbali,Cybersécurité opérationnelle,3,4,3,3,5,3,Formation très intéressante et enrichissante.
7001,7762,Moez Ghanmi,Cybersécurité opérationnelle,3,5,5,3,5,5,"Contenu bien structuré, formateur compétent."
7002,7695,Imed Benhassan,Cybersécurité opérationnelle,3,4,3,3,3,5,"Contenu bien structuré, formateur compétent."
7003,7653,Salah Guizani,Cybersécurité opérationnelle,5,4,4,5,3,3,Formation très intéressante et enrichissante.
7004,7688,Bassem Jouini,Cybersécurité opérationnelle,4,4,4,5,5,3,Formation très intéressante et enrichissante.
7005,7654,Hedi Jouini,Cybersécurité opérationnelle,4,4,4,3,4,4,Formation très intéressante et enrichissante.
7006,7659,Dali Limam,Cybersécurité opérationnelle,4,4,5,5,4,3,"Contenu bien structuré, formateur compétent."
7007,7667,Fares Ben Salah,Cybersécurité opérationnelle,4,4,3,4,5,3,Formation très intéressante et enrichissante.
7008,7450,Hatem Limam,Cybersécurité opérationnelle,3,4,3,5,4,3,"Contenu bien structuré, formateur compétent."
7009,7638,Noureddine Kchir,Cybersécurité opérationnelle,3,5,3,3,5,4,"Contenu bien structuré, formateur compétent."
7010,7521,Hichem Nabli,Cybersécurité opérationnelle,3,5,3,4,5,4,"Contenu bien structuré, formateur compétent."
7011,8116,Takwa Derbali,Cybersécurité opérationnelle,5,5,5,5,3,5,"Contenu bien structuré, formateur compétent."
7012,7697,Rim Jelassi,Cybersécurité opérationnelle,5,4,3,4,5,4,"Contenu bien structuré, formateur compétent."
7013,7688,Bassem Jouini,Cybersécurité opérationnelle,3,4,5,4,5,4,Formation très intéressante et enrichissante.
7014,7659,Dali Limam,Cybersécurité opérationnelle,4,3,5,5,4,3,Formation très intéressante et enrichissante.
7015,7667,Fares Ben Salah,Cybersécurité opérationnelle,5,4,3,5,3,5,"Contenu bien structuré, formateur compétent."
7016,7450,Hatem Limam,Cybersécurité opérationnelle,5,3,4,5,3,3,Formation très intéressante et enrichissante.
7017,7849,Yassine Ghanmi,Cybersécurité opérationnelle,3,5,3,3,5,3,Formation très intéressante et enrichissante.
7018,8116,Takwa Derbali,Cybersécurité opérationnelle,3,3,4,5,5,5,"Contenu bien structuré, formateur compétent."
7019,7762,Moez Ghanmi,Cybersécurité opérationnelle,5,5,4,4,5,5,Formation très intéressante et enrichissante.
7020,7697,Rim Jelassi,Cybersécurité opérationnelle,5,3,3,4,4,3,"Contenu bien structuré, formateur compétent."
7021,7695,Imed Benhassan,Cybersécurité opérationnelle,3,4,3,5,5,3,Formation très intéressante et enrichissante.
7022,7688,Bassem Jouini,Cybersécurité opérationnelle,4,3,3,4,5,3,Formation très intéressante et enrichissante.
7023,7654,Hedi Jouini,Cybersécurité opérationnelle,5,3,4,3,4,3,Formation très intéressante et enrichissante.
7024,7659,Dali Limam,Cybersécurité opérationnelle,5,4,5,3,4,5,Formation très intéressante et enrichissante.
7025,7661,Hana Jelassi,Cybersécurité opérationnelle,3,4,4,3,5,4,"Contenu bien structuré, formateur compétent."
7026,7450,Hatem Limam,Cybersécurité opérationnelle,5,4,3,3,4,5,Formation très intéressante et enrichissante.
7027,7638,Noureddine Kchir,Cybersécurité opérationnelle,3,3,4,5,5,4,Formation très intéressante et enrichissante.
7028,7849,Yassine Ghanmi,Cybersécurité opérationnelle,4,5,4,5,5,3,Formation très intéressante et enrichissante.
7029,7521,Hichem Nabli,Cybersécurité opérationnelle,5,3,3,3,5,4,"Contenu bien structuré, formateur compétent."
